Str,PlotID,Lng,Lat,KMSq,nCol,nNest,nAct
SC,c6.1w,-70.78115493911051,43.13605316358754,36.88809391933593,4,52,26
SC,c7.1w,-70.6889277968606,43.10487519488499,85.16392664242458,0,0,0
SC,c8.1w,-70.60964108975234,43.08878886474067,35.3126178894341,0,0,0
SC,c5.1v,-70.83207004874116,43.263994247397676,0.484592750662982,0,0,0
SC,c6.1v,-70.76564067476752,43.20792509489203,75.17578134600348,2,6,6
SC,c7.1v,-70.6612221583325,43.1855339629816,100.00000000001907,2,24,24
SC,c8.1v,-70.56677469141499,43.17065051342989,54.9890592691884,0,0,0
SC,c4.1u,-70.94706713608308,43.36074612676229,22.713539352977474,0,0,0
SC,c5.1u,-70.85719855555503,43.32401734024032,80.09529266580438,0,0,0
SC,c6.1u,-70.7480636642671,43.2954873660443,100.00000000003814,4,34,16
SC,c7.1u,-70.62860093312545,43.271915120606906,100,0,0,0
SC,c8.1u,-70.51717222975083,43.2527828364174,83.88405880557156,0,0,0
SC,c4.1t,-70.932587554697193,43.42502352644247,62.852249382210495,0,0,0
SC,c5.1t,-70.83518346013783,43.405403250532814,99.9999999999466,2,2,2
SC,c6.1t,-70.71549949104977,43.38190579065949,100.00000000001526,0,0,0
SC,c7.1t,-70.59589761903543,43.35830046942949,99.99999999998474,0,0,0
SC,c8.1t,-70.47637813813408,43.33458740682155,99.99999999994277,0,0,0
SC,c9.1t,-70.38953130766659,43.33296997594119,26.870589793141008,0,0,0
SC,c4.1s,-70.90878661190378,43.51433588275421,77.50122854796506,0,0,0
SC,c5.1s,-70.80267692763677,43.4918593492938,99.99999999998093,4,0,0
SC,c6.1s,-70.68285322051781,43.46832877530302,100.00000000005723,2,6,6
SC,c7.1s,-70.56311191359113,43.44469022850191,100.00000000001907,0,0,0
SC,c8.1s,-70.4434533016949,43.42094382953517,99.99999999998093,0,0,0
SC,c9.1s,-70.33116344111583,43.40357665580165,81.84693463331541,0,0,0
SC,c3.1r,-70.95773702077227,43.632012996563176,15.930003273512467,0,0,0
SC,c4.1r,-70.8894246342895,43.60205963203212,98.99005168203091,0,0,0
SC,c5.1r,-70.7700882909935,43.5783203793996,99.9999999999466,2,6,6
SC,c6.1r,-70.65012454955126,43.55475654097073,100.00000000001526,10,22,22
SC,c7.1r,-70.53024351287378,43.53108461792145,99.99999999998474,0,0,0
SC,c8.1r,-70.41044547660009,43.50730473156716,99.99999999994277,0,0,0
SC,c9.1r,-70.29073073490483,43.48341700349126,99.99999999998093,0,0,0
SC,ca.1r,-70.21055080237964,43.47705821023317,24.93541205196953,0,0,0
SC,c3.1q,-70.94578012380825,43.710082651406466,47.90123935901928,0,0,0
SC,c4.1q,-70.85760403219747,43.688275499405556,100.00000000001907,6,18,18
SC,c5.1q,-70.73741724644347,43.66478656381702,99.99999999998093,4,42,42
SC,c6.1q,-70.61731317357625,43.64118930972339,100.00000000005723,0,0,0
SC,c7.1q,-70.49729211150859,43.61748385884247,100.00000000001907,0,0,0
SC,c8.1q,-70.37735435668249,43.593670333164745,99.99999999998093,0,0,0
SC,c9.1q,-70.25750020406694,43.56974885494922,100.00000000001907,0,0,0
SC,ca.1q,-70.16498561196167,43.55475922625147,51.41697160332483,0,0,0
Co,ca.1q,-70.10475448830998,43.58471091944114,0.313065151793301,0,0,0
SC,c3.1p,-70.92934427084826,43.79775968358947,74.15412642878151,0,0,0
SC,c4.1p,-70.82499121054626,43.77478051678935,99.99999999998093,4,2,2
SC,c5.1p,-70.70466348876187,43.75125812659848,99.9999999999466,0,0,0
SC,c6.1p,-70.58441878655647,43.727627304699126,100.00000000001526,2,2,0
SC,c7.1p,-70.46425740265637,43.703888173488274,99.99999999998474,0,0,0
SC,c8.1p,-70.34417963430853,43.68004085563577,99.99999999994277,0,0,0
SC,c9.1p,-70.23157306280977,43.653063706328794,87.31112247602415,2,2,2
Co,c9.1p,-70.17333677699875,43.67686724430202,12.688877523956418,0,0,0
SC,ca.1p,-70.15908372152948,43.61163443327875,9.884187451301575,0,0,0
Co,ca.1p,-70.09949326199087,43.636218171810754,86.54069785810042,0,0,0
SC,c2.1o,-70.97499302763498,43.921868404823755,9.108420410407067,0,0,0
SC,c3.1o,-70.9115581914988,43.885182248721854,98.15058395603943,0,0,0
SC,c4.1o,-70.79229566927388,43.861291290388415,100.00000000001907,2,0,0
SC,c5.1o,-70.67182671125501,43.837735292894344,99.99999999998093,0,0,0
SC,c6.1o,-70.55144108098477,43.81407075012591,100.00000000005723,2,22,22
SC,c7.1o,-70.43113907800506,43.790297785163496,100.00000000001907,0,0,0
SC,c8.1o,-70.31092100036976,43.76641652136102,99.99999999998093,0,0,0
SC,c9.1o,-70.23326642965702,43.74549364076614,31.13418494563818,0,0,0
Co,c9.1o,-70.17158354408622,43.74103621821984,68.86581505438289,0,0,0
Co,ca.1o,-70.07073780589486,43.718329591997104,100.00000000005723,2,10,2
Co,cb.1o,-69.95205193723355,43.69587284789167,96.3295353986429,4,30,30
Co,cc.1o,-69.83622579711812,43.69320456187786,45.23305807853413,0,0,0
Co,cd.1o,-69.74963456401653,43.69604965095548,0.877981313499212,0,0,0
SC,c2.1n,-70.96518364414904,43.99309673486277,42.15113624232793,0,0,0
SC,c3.1n,-70.8802109318652,43.97128902312872,100.00000000001907,2,0,0
SC,c4.1n,-70.75951710103347,43.94780804739427,99.99999999998093,0,0,0
SC,c5.1n,-70.63890660575184,43.92421828896583,99.9999999999466,2,0,0
SC,c6.1n,-70.5183797478745,43.900519871333714,100.00000000001526,0,0,0
SC,c7.1n,-70.39793682776104,43.876712918266406,99.99999999998474,6,54,52
SC,c8.1n,-70.28134683110696,43.85153246592512,94.21852784531308,0,0,0
Co,c8.1n,-70.21614154636204,43.87339952184995,5.781472154630959,0,0,0
SC,c9.1n,-70.22000164087295,43.81184692564159,5.502204937835216,0,0,0
Co,c9.1n,-70.15365241953614,43.829758589165344,94.49779506214487,0,0,0
Co,ca.1n,-70.03711467513574,43.80464208822757,100.00000000001907,6,2,2
Co,cb.1n,-69.91701047970767,43.78040223652942,99.99999999998093,2,20,20
Co,cc.1n,-69.79699170134994,43.75605447227294,99.99999999994277,0,0,0
Co,cd.1n,-69.68613751049506,43.74440782900529,66.82510147781026,0,0,0
Co,ce.1n,-69.59377928336254,43.754630072663375,2.266751320135355,0,0,0
SC,c2.1m,-70.94949799886639,44.080504440101116,69.59904788847234,0,0,0
SC,c3.1m,-70.84749117726534,44.05784579238425,100.0000000000534,0,0,0
SC,c4.1m,-70.72665519699427,44.034331016130636,100.00000000001907,0,0,0
SC,c5.1m,-70.60590286259522,44.01070734219756,99.99999999998093,0,0,0
SC,c6.1m,-70.48523447675088,43.98697489476749,100.00000000005723,4,10,10
SC,c7.1m,-70.36465034064054,43.9631337983017,100.00000000001907,0,0,0
SC,c8.1m,-70.260362645352,43.944713245968146,70.43390917997718,0,0,0
Co,c8.1m,-70.20554052501906,43.92600478463749,29.566090820005478,0,0,0
Co,c9.1m,-70.12373601480952,43.91512615747752,100.00000000001907,0,0,0
Co,ca.1m,-70.00340641991157,43.89095986339951,100.00000000005723,0,0,0
Co,cb.1m,-69.88316226438948,43.86668542083874,100.00000000001907,2,4,0
Co,cc.1m,-69.76300384187532,43.84230295559061,99.99999999998093,2,2,0
Co,cd.1m,-69.64293144448598,43.817812593705824,100.00000000001907,2,0,0
Co,ce.1m,-69.52932524444847,43.804816328529135,71.61391565303755,2,0,0
Co,cf.1m,-69.43797302550671,43.81156601035781,5.113357642676354,0,0,0
ND,c1.1l,-70.99397506163159,44.207097060635064,5.530236914992571,0,0,0
ND,c2.1l,-70.96647771524653,44.19313130587949,24.40848684909296,0,0,0
SC,c2.1l,-70.9219912700843,44.16037869985671,71.90341802524448,2,16,14
SC,c3.1l,-70.81468808072779,44.14440915798756,100.00000000001907,0,0,0
SC,c4.1l,-70.69370964683289,44.12086042606617,99.99999999998093,2,66,60
SC,c5.1l,-70.57281517063328,44.097202681110495,99.9999999999466,0,0,0
SC,c6.1l,-70.45200495564227,44.07343604799994,100.00000000001526,0,0,0
SC,c7.1l,-70.331279303861,44.04956065189299,99.99999999998474,0,0,0
SC,c8.1l,-70.2109752149629,44.025972675560396,99.20378683659601,0,0,0
Co,c8.1l,-70.16871827802389,43.97622574964347,0.796213163347244,0,0,0
SC,c9.1l,-70.1055574792769,44.029713728792736,29.744650746910335,0,0,0
Co,c9.1l,-70.08353513678894,43.98953214651663,70.25534925307072,0,0,0
SC,ca.1l,-70.00691741014711,44.02900303170575,0.648907715367198,0,0,0
Co,ca.1l,-69.96936925717988,43.97694531740397,99.35109228464955,0,0,0
Co,cb.1l,-69.84922831581095,43.952973950226784,99.99999999998093,0,0,0
Co,cc.1l,-69.72892995702308,43.928556626014334,99.99999999994277,4,10,0
Co,cd.1l,-69.6087179415816,43.904031295399705,99.99999999998093,2,0,0
Co,ce.1l,-69.48859256084685,43.87939808538533,100.00000000001907,0,0,0
Co,cf.1l,-69.3800005680557,43.86586383314288,68.07670674730134,0,0,0
Co,cg.1l,-69.28658224566918,43.87917890068949,1.367602559641361,0,0,0
ND,c1.1k,-70.98303702937358,44.276910900832675,33.73900521860075,0,0,0
ND,c2.1k,-70.90585777944766,44.25816613061107,91.58115276361406,2,4,0
SC,c2.1k,-70.87200997703832,44.214058322019376,8.418847236404062,2,42,42
ND,c3.1k,-70.78164443161873,44.258852360992435,36.94812718563962,0,0,0
SC,c3.1k,-70.78189321394827,44.21464662069079,63.05187281441492,0,0,0
ND,c4.1k,-70.67587622200841,44.250536160514265,7.725196307309449,0,0,0
SC,c4.1k,-70.65940880648175,44.203784971868444,92.27480369270837,0,0,0
ND,c5.1k,-70.50143906497644,44.217786213244956,7.051200680706501,0,0,0
SC,c5.1k,-70.54253986320761,44.18111870853276,92.9487993192727,0,0,0
ND,c6.1k,-70.4143368495888,44.190654131823315,24.586833846886872,0,0,0
SC,c6.1k,-70.42010955421057,44.149878378687795,75.41316615316981,0,0,0
SC,c7.1k,-70.29782340313223,44.13599370679564,100.00000000001907,0,0,0
SC,c8.1k,-70.17704111469456,44.111975102666364,99.99999999998093,0,0,0
SC,c9.1k,-70.05634430553496,44.08784787376451,100.00000000001907,0,0,0
SC,ca.1k,-69.93636247262182,44.067511541451196,91.5770894357363,0,0,0
Co,ca.1k,-69.92889703712049,44.0212181715991,8.422910564317643,0,0,0
SC,cb.1k,-69.8171280140937,44.05892872725575,54.87092792144464,0,0,0
Co,cb.1k,-69.81287571381637,44.01536426649724,45.129072078571795,0,0,0
SC,cc.1k,-69.70795457466174,44.05054517603558,18.710750027415454,0,0,0
Co,cc.1k,-69.6917368658682,44.00659184350572,81.28924997256607,6,78,42
Co,cd.1k,-69.57441780371589,43.990255247892925,100.00000000001907,0,0,0
Co,ce.1k,-69.45415283407728,43.96558680049083,100.0000000000534,0,0,0
Co,cf.1k,-69.33397511024057,43.94081049225221,100.00000000001907,2,200,200
Co,cg.1k,-69.22270057936144,43.92871325823277,67.1223820297389,0,0,0
Co,ch.1k,-69.13069022490575,43.938878123828275,2.100810663879395,0,0,0
ND,c1.1j,-70.96774068723467,44.36418462272893,61.557071864174844,0,0,0
ND,c2.1j,-70.8701791526187,44.34106434742617,99.99999999998093,2,6,2
ND,c3.1j,-70.74883061639044,44.3175566057485,100.00000000001907,0,0,0
ND,c4.1j,-70.6275663593344,44.29393949321358,99.99999999998093,0,0,0
ND,c5.1j,-70.5063866881596,44.27021313582398,99.9999999999466,0,0,0
ND,c6.1j,-70.38804055816648,44.2485355155954,94.13202391202354,6,30,24
SC,c6.1j,-70.34122289706278,44.21175562640575,5.867976087993384,0,0,0
ND,c7.1j,-70.30682643616932,44.26799497928012,1.711669919532538,0,0,0
SC,c7.1j,-70.26354193187831,44.22163966016236,98.2883300804503,0,0,0
SC,c8.1j,-70.14335823408025,44.19837985879708,99.99999999994277,0,0,0
SC,c9.1j,-70.02251994292934,44.17421778764473,99.99999999998093,2,4,4
SC,ca.1j,-69.90176774824333,44.149947105837555,100.00000000001907,0,0,0
SC,cb.1j,-69.78110194753269,44.1255679410247,99.99999999998093,0,0,0
SC,cc.1j,-69.66131825536971,44.10213978342876,97.84527528012896,4,2,0
Co,cc.1j,-69.62442925612125,44.05297247288244,2.154724719813347,0,0,0
SC,cd.1j,-69.55128335860437,44.09984483278264,42.191653397939206,0,0,0
Co,cd.1j,-69.5318227966257,44.05943524515591,57.80834660204223,2,40,14
SC,ce.1j,-69.46243568274085,44.1071260878813,6.56963620879e-4,0,0,0
Co,ce.1j,-69.4196255802314,44.0517804652964,99.99934303639809,0,0,0
Co,cf.1j,-69.29930858072201,44.02696901372291,99.99999999998093,0,0,0
Co,cg.1j,-69.1790791585903,44.00204935758699,99.9999999999466,2,0,0
Co,ch.1j,-69.06311309145966,43.98644118551151,78.11098234557127,2,100,100
Co,ci.1j,-68.9423222807235,43.983884275699715,27.706900379717112,0,0,0
Co,cj.1j,-68.84701541709518,43.97661107592444,1.644553647259351,0,0,0
ND,c0.1i,-71.01070790689712,44.49790239954085,1.538448701172829,0,0,0
ND,c1.1i,-70.95434071577868,44.45225037736196,93.17477176229477,0,0,0
ND,c2.1i,-70.83726784507265,44.427683206010784,100.00000000001907,0,0,0
ND,c3.1i,-70.71577562208712,44.404141154626316,100.0000000000534,0,0,0
ND,c4.1i,-70.5943679938083,44.380489615207125,100.00000000001907,0,0,0
ND,c5.1i,-70.47304526779128,44.35672871446639,99.99999999998093,0,0,0
ND,c6.1i,-70.35180775005402,44.332858579402256,100.00000000005723,0,0,0
ND,c7.1i,-70.2751104906056,44.31999933101872,24.10584553255004,0,0,0
SC,c7.1i,-70.2165388778781,44.305344302366784,75.89415446746993,0,0,0
SC,c8.1i,-70.10958955579342,44.28479111569792,99.99999999998093,4,70,70
SC,c9.1i,-69.98860948360245,44.260594042443024,100.00000000001907,4,0,0
SC,ca.1i,-69.86771582835196,44.23628824562723,100.00000000005723,0,0,0
SC,cb.1i,-69.74690888834449,44.2118738536133,100.00000000001907,0,0,0
SC,cc.1i,-69.62618896033376,44.187350995024666,99.99999999998093,2,0,0
SC,cd.1i,-69.50555633952283,44.16271979874131,100.00000000001907,4,22,18
SC,ce.1i,-69.40771943943814,44.15426090247912,46.28653158997333,0,0,0
Co,ce.1i,-69.36545176444727,44.12394829521937,53.71346841007314,0,0,0
Co,cf.1i,-69.2645541925497,44.11313290987001,100.00000000001907,0,0,0
Co,cg.1i,-69.144185249026,44.08817747628916,99.99999999998093,0,0,0
Co,ch.1i,-69.02390477797577,44.0631142230199,100.00000000001907,0,0,0
Co,ci.1i,-68.90371306682499,44.03794328016497,100.00000000005723,0,0,0
Co,cj.1i,-68.78478322289926,44.015064146499824,95.0252267659785,0,0,0
Co,ck.1i,-68.66537784885578,44.0061987944522,56.66050971472895,0,0,0
Co,cl.1i,-68.57190627638757,44.00490022195238,6.819899258601666,0,0,0
ND,c0.1h,-71.0017419099267,44.56131580654348,26.5800050169301,0,0,0
ND,c1.1h,-70.92599307231622,44.537776540071576,99.99999999994277,0,0,0
ND,c2.1h,-70.80427225165428,44.514309753059415,99.99999999998093,0,0,0
ND,c3.1h,-70.68263603282128,44.49073323331947,100.00000000001907,0,0,0
ND,c4.1h,-70.5610847257643,44.467047107990325,99.99999999998093,0,0,0
ND,c5.1h,-70.43961863888666,44.443251504500545,99.9999999999466,0,0,0
ND,c6.1h,-70.32010141687105,44.41879680923622,97.3177828902502,0,0,0
SC,c6.1h,-70.25061090802546,44.439275400611315,2.682217109766007,0,0,0
ND,c7.1h,-70.26067060996786,44.379511439173314,5.194272566353321,0,0,0
SC,c7.1h,-70.1934509650445,44.39619831544127,94.80572743362903,0,0,0
SC,c8.1h,-70.07573476015801,44.37120910361298,99.99999999994277,2,0,0
SC,c9.1h,-69.95461260707718,44.34697686741782,99.99999999998093,2,100,100
SC,ca.1h,-69.83357719295945,44.322635794407745,100.00000000001907,2,4,2
SC,cb.1h,-69.71262881690119,44.298186013664015,99.99999999998093,4,38,28
SC,cc.1h,-69.59176777644095,44.27362765452887,99.99999999994277,6,16,16
SC,cd.1h,-69.47099436755758,44.2489608466016,99.99999999998093,0,0,0
SC,ce.1h,-69.3529603628911,44.2267864893567,93.67268103716994,0,0,0
Co,ce.1h,-69.31107887082581,44.185678092017426,6.327318962849379,0,0,0
SC,cf.1h,-69.27011108030938,44.23888036388643,5.088170281065583,0,0,0
Co,cf.1h,-69.22754715758707,44.19718039462215,94.91182971891284,0,0,0
Co,cg.1h,-69.10920286672845,44.174311029830605,99.9999999999466,2,0,0
Co,ch.1h,-68.98878291269153,44.1492117277267,99.99999999998093,0,0,0
Co,ci.1h,-68.86845204667478,44.12400462854065,100.00000000001907,0,0,0
Co,cj.1h,-68.7482105552661,44.09868986332892,99.99999999998093,2,0,0
Co,ck.1h,-68.62805872348325,44.07326756337642,99.99999999994277,0,0,0
Co,cl.1h,-68.5118874751911,44.053683951928846,86.24798235207892,0,0,0
Co,cm.1h,-68.41370962397565,44.057467754077194,15.50819585862589,0,0,0
ND,c0.1g,-70.98953746953556,44.64660073459644,59.244913773617604,0,0,0
ND,c1.1g,-70.89305750036061,44.624445522305926,99.99999999998093,0,0,0
ND,c2.1g,-70.77119205615003,44.60094422594992,100.00000000001907,2,8,8
ND,c3.1g,-70.64941153152208,44.57733307821426,100.0000000000534,0,0,0
ND,c4.1g,-70.52771623728337,44.55361220695739,100.00000000001907,0,0,0
ND,c5.1g,-70.40610648268758,44.52978174032806,99.99999999998093,0,0,0
ND,c6.1g,-70.29798897392011,44.50714093663523,78.51072339283228,0,0,0
SC,c6.1g,-70.23560689800563,44.50108404130151,21.48927660722327,0,0,0
SC,c7.1g,-70.16314482166081,44.48179253497419,100.00000000001907,2,0,0
SC,c8.1g,-70.04179352595281,44.45763405396194,99.99999999998093,2,0,0
SC,c9.1g,-69.92052899132945,44.43336649299378,100.00000000001907,0,0,0
SC,ca.1g,-69.79935151924781,44.408989981608336,100.00000000005723,6,46,36
SC,cb.1g,-69.67826140959995,44.38450464961016,100.00000000001907,2,0,0
SC,cc.1g,-69.55725896071104,44.3599106270652,99.99999999998093,0,0,0
SC,cd.1g,-69.43634446933737,44.335208044296884,100.00000000001907,0,0,0
SC,ce.1g,-69.31551823066492,44.31039703188188,100.0000000000534,2,2,2
SC,cf.1g,-69.23040883365526,44.29814538243978,36.19703325510263,0,0,0
Co,cf.1g,-69.17457362222645,44.27828694391426,63.802966744913576,0,0,0
Co,cg.1g,-69.07413168430617,44.260450241660784,99.99999999998093,0,0,0
Co,ch.1g,-68.95357195912561,44.2353147262379,100.00000000001907,6,0,0
Co,ci.1g,-68.8331016516548,44.210071305926604,100.00000000005723,0,0,0
Co,cj.1g,-68.71272104920467,44.184720112508906,100.00000000001907,0,0,0
Co,ck.1g,-68.592430437507,44.15926127799563,99.99999999998093,2,72,60
Co,cl.1g,-68.47223010071289,44.13369493462254,100.00000000001907,0,0,0
Co,cm.1g,-68.35671375788328,44.112780192928405,88.00312494055461,0,0,0
Co,cn.1g,-68.26922193362267,44.12505512019862,4.543209803686858,0,0,0
ND,bz.1f,-71.03043611616567,44.785608251307266,0.37008279450047,0,0,0
ND,c0.1f,-70.97357971237156,44.73585435509252,86.64606097892714,0,0,0
ND,c1.1f,-70.86003732092156,44.71112282926233,99.99999999994277,0,0,0
ND,c2.1f,-70.73802694080462,44.68758686330478,99.99999999998093,0,0,0
ND,c3.1f,-70.61610179957476,44.6639409269326,100.00000000001907,0,0,0
ND,c4.1f,-70.4942622089004,44.640185148728776,99.99999999998093,0,0,0
ND,c5.1f,-70.37250847888768,44.61631965756723,99.9999999999466,2,30,10
ND,c6.1f,-70.25897007431946,44.59608490964642,84.80801312184859,0,0,0
SC,c6.1f,-70.2054771028886,44.57145599143668,15.191986878170491,0,0,0
SC,c7.1f,-70.12925983344763,44.5682600532969,99.99999999998474,0,0,0
SC,c8.1f,-70.00776553040247,44.54406619935365,99.99999999994277,2,0,0
SC,c9.1f,-69.88635831277907,44.519763150775425,99.99999999998093,0,0,0
SC,ca.1f,-69.76503848284119,44.49535103782875,100.00000000001907,0,0,0
SC,cb.1f,-69.64380634127838,44.47082999104638,99.99999999998093,2,24,22
SC,cc.1f,-69.52266218720413,44.44620014122287,99.99999999994277,2,0,0
SC,cd.1f,-69.40160631815391,44.4214616194105,99.99999999998093,2,0,0
SC,ce.1f,-69.28063903008369,44.39661455691539,100.00000000001907,0,0,0
SC,cf.1f,-69.17833609976059,44.378854935953385,66.13556284650946,0,0,0
Co,cf.1f,-69.12349499672524,44.35759879330649,33.864437153472664,0,0,0
Co,cg.1f,-69.03897137280015,44.346595336344194,99.9999999999466,0,0,0
Co,ch.1f,-68.9182715875869,44.321423442111374,99.99999999998093,0,0,0
Co,ci.1f,-68.7976615513509,44.29614353487386,100.00000000001907,0,0,0
Co,cj.1f,-68.67714155212744,44.27075574714413,99.99999999998093,0,0,0
Co,ck.1f,-68.55671187636354,44.24526021166386,99.99999999994277,0,0,0
Co,cl.1f,-68.4363728089165,44.21965706139937,99.99999999998093,0,0,0
Co,cm.1f,-68.31612463305285,44.19394642953797,100.00000000001907,0,0,0
Co,cn.1f,-68.22113706855397,44.18150146942136,48.72401314227271,0,0,0
ND,bz.1e,-71.02188357705464,44.847799723968215,21.440926494214295,0,0,0
ND,c0.1e,-70.94917309046606,44.82126927980749,100.00000000001907,0,0,0
ND,c1.1e,-70.82693221556403,44.79780870183203,99.99999999998093,0,0,0
ND,c2.1e,-70.70477658631208,44.774237905006025,100.00000000001907,0,0,0
ND,c3.1e,-70.58270651681165,44.75055701834637,100.0000000000534,0,0,0
ND,c4.1e,-70.46072231959508,44.726766171165494,100.00000000001907,0,0,0
ND,c5.1e,-70.3388243056233,44.702865493067534,99.99999999998093,0,0,0
ND,c6.1e,-70.21752884606492,44.67934344769789,98.89002606579507,0,0,0
SC,c6.1e,-70.17106564438384,44.635342510923024,1.109973934262276,2,2,0
ND,c7.1e,-70.1302243761073,44.68484972755803,16.15798017319107,0,0,0
SC,c7.1e,-70.08855874007035,44.64893068618426,83.84201982682877,0,0,0
SC,c8.1e,-69.9736504491683,44.63050577359936,99.99999999998093,4,0,0
SC,c9.1e,-69.85210024628073,44.60616707356041,100.00000000001907,6,50,50
SC,ca.1e,-69.73063775779681,44.58171919485266,100.00000000005723,0,0,0
SC,cb.1e,-69.60926328520537,44.557162268741806,100.00000000001907,0,0,0
SC,cc.1e,-69.48797712840994,44.532496426756126,99.99999999998093,0,0,0
SC,cd.1e,-69.36677958572687,44.507721800681715,100.00000000001907,4,10,10
SC,ce.1e,-69.24567095388377,44.4828385225588,100.0000000000534,2,0,0
SC,cf.1e,-69.12825030553502,44.46055062119343,92.32665921962221,4,10,4
Co,cf.1e,-69.08137308485489,44.42530668746924,7.673340780394554,0,0,0
SC,cg.1e,-69.04377403410943,44.47951265707341,1.953769712817192,0,0,0
Co,cg.1e,-69.00292403790142,44.43181455487689,98.04623028716516,0,0,0
Co,ch.1e,-68.88288146680642,44.40753810002344,100.00000000001907,0,0,0
Co,ci.1e,-68.76213141376972,44.382221539042696,100.00000000005723,0,0,0
Co,cj.1e,-68.64147173132577,44.3567969898789,100.00000000001907,0,0,0
Co,ck.1e,-68.5209027066381,44.33126458600912,99.99999999998093,0,0,0
Co,cl.1e,-68.40042462527134,44.30562446113527,100.00000000001907,0,0,0
Co,cm.1e,-68.28003777119027,44.27987674918051,100.0000000000534,0,0,0
Co,cn.1e,-68.16465458084434,44.25812688067839,88.68328472342444,0,0,0
ND,bz.1d,-71.01175256059476,44.931867069127804,56.93140316208387,0,0,0
ND,c0.1d,-70.91612862399225,44.90799883278153,99.99999999998093,0,0,0
ND,c1.1d,-70.79374186429526,44.88450338218963,99.99999999994277,0,0,0
ND,c2.1d,-70.67144067180642,44.860897592209334,99.99999999998093,0,0,0
ND,c3.1d,-70.54922536150275,44.83718159259139,100.00000000001907,0,0,0
ND,c4.1d,-70.42709624678278,44.81335551338302,99.99999999998093,0,0,0
ND,c5.1d,-70.30505363946432,44.78941948492357,99.9999999999466,0,0,0
ND,c6.1d,-70.1830978497822,44.765373637840405,100.00000000001526,0,0,0
ND,c7.1d,-70.06837798502457,44.74774506414192,81.78310010316396,0,0,0
SC,c7.1d,-70.02915234907394,44.71191238283772,18.216899896820188,0,0,0
SC,c8.1d,-69.93944795633918,44.71695301172709,99.99999999994277,4,0,0
SC,c9.1d,-69.81775446511479,44.69257849535359,99.99999999998093,0,0,0
SC,ca.1d,-69.69614901659571,44.668094685661096,100.00000000001907,0,0,0
SC,cb.1d,-69.57463191307187,44.64350171465361,99.99999999998093,0,0,0
SC,cc.1d,-69.45320345523861,44.61879971459776,99.99999999994277,6,96,92
SC,cd.1d,-69.33186394219479,44.59398881801855,99.99999999998093,2,0,0
SC,ce.1d,-69.21061367144125,44.56906915769538,100.00000000001907,0,0,0
SC,cf.1d,-69.08945293887932,44.544040866657646,99.99999999998093,0,0,0
SC,cg.1d,-68.98250491521429,44.53535915981279,54.40369055977869,2,10,6
Co,cg.1d,-68.95154017437777,44.4992693404982,45.59630944016838,2,16,16
SC,ch.1d,-68.88941890959396,44.54817139296782,0.046463754067659,0,0,0
Co,ch.1d,-68.84738174761678,44.493633583876985,99.95353624591338,2,22,22
Co,ci.1d,-68.72651090532953,44.46830554321548,100.00000000001907,0,0,0
Co,cj.1d,-68.60571125250144,44.44284406446996,99.99999999998093,0,0,0
Co,ck.1d,-68.48500259332505,44.417274623762715,99.99999999994277,0,0,0
Co,cl.1d,-68.36438521407362,44.39159735553624,99.99999999998093,0,0,0
Co,cm.1d,-68.24385939941119,44.365812394454075,100.00000000001907,0,0,0
Co,cn.1d,-68.12342543239171,44.339919875396745,99.99999999998093,2,0,0
Co,co.1d,-68.0103588978254,44.32426247885837,73.99908326768613,0,0,0
ND,by.1c,-71.05253376460314,45.07074792082604,0.118048466057539,0,0,0
ND,bz.1c,-70.99967052127442,45.01884399257522,90.93628247193384,0,0,0
ND,c0.1c,-70.88299890660117,44.99473759994033,100.00000000001907,0,0,0
ND,c1.1c,-70.76046594555561,44.97120711380805,99.99999999998093,2,0,0
ND,c2.1c,-70.63801887485252,44.947566167358886,100.00000000001907,0,0,0
ND,c3.1c,-70.51565801034668,44.9238148910826,100.0000000000534,0,0,0
ND,c4.1c,-70.39338366630516,44.89995341576614,100.00000000001907,0,0,0
ND,c5.1c,-70.27119615540482,44.875981872489234,99.99999999998093,0,0,0
ND,c6.1c,-70.1490957887302,44.85190039262008,100.00000000005723,0,0,0
ND,c7.1c,-70.03292672794949,44.82682928683072,91.05530271903945,0,0,0
SC,c7.1c,-69.96758490663865,44.83665111317064,8.944697280979156,0,0,0
SC,c8.1c,-69.90515772442225,44.80340814999533,99.99999999998093,4,48,42
SC,c9.1c,-69.783320640978,44.7789976513805,100.00000000001907,0,0,0
SC,ca.1c,-69.66157193013358,44.75447774444658,100.00000000005723,2,0,0
SC,cb.1c,-69.53991189498177,44.729848561940635,100.00000000001907,0,0,0
SC,cc.1c,-69.41834083701147,44.70511023687273,99.99999999998093,4,12,12
SC,cd.1c,-69.29685905610573,44.68026290251189,100.00000000001907,4,22,16
SC,ce.1c,-69.17546685054025,44.6553066923815,100.0000000000534,4,0,0
SC,cf.1c,-69.05416451698187,44.630241740255435,100.00000000001907,2,8,8
SC,cg.1c,-68.93295235048691,44.605068180153744,99.99999999998093,4,30,30
SC,ch.1c,-68.81716677161923,44.59604352712349,61.329650148562074,4,0,0
Co,ch.1c,-68.80337301804806,44.55400332143838,38.67034985145807,0,0,0
SC,ci.1c,-68.69376113321155,44.59084172316909,19.116440070621135,0,0,0
Co,ci.1c,-68.69010023449212,44.54578235924346,80.88355992943478,0,0,0
SC,cj.1c,-68.6103875779483,44.583601749483414,0.060547945886761,0,0,0
Co,cj.1c,-68.56983524600878,44.528864051481186,99.93945205413243,0,0,0
Co,ck.1c,-68.4490111998189,44.50329054877184,99.99999999998093,0,0,0
Co,cl.1c,-68.32825423801846,44.47757596741441,100.00000000001907,0,0,0
Co,cm.1c,-68.20758917972061,44.45175358713618,100.0000000000534,0,0,0
Co,cn.1c,-68.08701630867053,44.42582354356313,100.00000000001907,2,20,16
Co,co.1c,-67.9665359069927,44.39978597253392,99.99999999998093,0,0,0
Co,cp.1c,-67.85299668441199,44.38213098829696,78.45918597202588,0,0,0
ND,by.1b,-71.04627412394252,45.135798355614774,21.191596066693307,0,0,0
ND,bz.1b,-70.97254899261159,45.10494080017267,100.00000000001907,2,0,0
ND,c0.1b,-70.84978361604422,45.08148582710746,99.99999999998093,0,0,0
ND,c1.1b,-70.72710413620923,45.057920141473204,99.99999999994277,0,0,0
ND,c2.1b,-70.6045108714366,45.034243874202126,99.99999999998093,0,0,0
ND,c3.1b,-70.48200413846129,45.01045715652819,100.00000000001907,0,0,0
ND,c4.1b,-70.35958425242102,44.98656011998324,99.99999999998093,0,0,0
ND,c5.1b,-70.23725152685388,44.9625528963925,99.9999999999466,0,0,0
ND,c6.1b,-70.11500627369625,44.93843561787017,100.00000000001526,0,0,0
ND,c7.1b,-70.02262911273687,44.911558255352574,51.112448336755754,0,0,0
SC,c7.1b,-69.96171067312976,44.91697213626279,48.88755166322687,0,0,0
ND,c8.1b,-69.79412110499995,44.920947430233575,0.014802801474309,0,0,0
SC,c8.1b,-69.87079076835336,44.88986682202926,99.98519719846911,2,0,0
ND,c9.1b,-69.76375216296628,44.91424694403915,0.69997102268827,0,0,0
SC,c9.1b,-69.74869311137125,44.86508064166773,99.3000289772926,0,0,0
SC,ca.1b,-69.62690616771147,44.840868606626685,100.00000000001907,0,0,0
SC,cb.1b,-69.50510289944262,44.81620304497714,99.99999999998093,0,0,0
SC,cc.1b,-69.3833889414519,44.791428226911755,99.99999999994277,0,0,0
SC,cd.1b,-69.2617645944082,44.76654428644846,99.99999999998093,2,4,4
SC,ce.1b,-69.14023015736373,44.74155135785979,100.00000000001907,4,0,0
SC,cf.1b,-69.01878592775235,44.716449575669145,99.99999999998093,0,0,0
SC,cg.1b,-68.89743220138809,44.69123907464624,99.9999999999466,2,0,0
SC,ch.1b,-68.77616927246349,44.6659199898028,99.99999999998093,4,6,4
SC,ci.1b,-68.65499743354842,44.64049245638876,100.00000000001907,0,0,0
SC,cj.1b,-68.53607342908016,44.622823804564014,82.47420915826991,0,0,0
Co,cj.1b,-68.52377570913522,44.57793590975197,17.52579084170997,0,0,0
ND,ck.1b,-68.35334904429591,44.62112897977631,0.475477866102457,0,0,0
SC,ck.1b,-68.42610497828593,44.619969897037386,27.446873206741362,0,0,0
Co,ck.1b,-68.40830645174223,44.57742865929788,72.0776489270966,2,2,2
Co,cl.1b,-68.29203135819071,44.56356052070117,99.99999999998093,4,4,4
Co,cm.1b,-68.17122677251224,44.53770055011372,100.00000000001907,0,0,0
Co,cn.1b,-68.05051471530683,44.51173281062639,99.99999999998093,0,0,0
Co,co.1b,-67.92989546938199,44.48565743882822,99.9999999999466,0,0,0
Co,cp.1b,-67.80936931591424,44.45947457151708,99.99999999998093,4,26,0
Co,cq.1b,-67.69378769280429,44.44016355195308,83.3733162246412,2,0,0
Co,cr.1b,-67.593648462758,44.444765789478026,12.854029539082527,0,0,0
ND,by.1a,-71.03852200714341,45.214575283796265,62.1252911862092,0,0,0
ND,bz.1a,-70.93939496759968,45.191733976560336,100.00000000005723,0,0,0
ND,c0.1a,-70.81648242848948,45.16824376144488,100.00000000001907,0,0,0
ND,c1.1a,-70.69365611153465,45.14464271129935,99.99999999998093,0,0,0
ND,c2.1a,-70.57091633595714,45.12093095780485,100.00000000001907,0,0,0
ND,c3.1a,-70.4482634193743,45.09710863294489,100.0000000000534,0,0,0
ND,c4.1a,-70.32569767779677,45.0731758690013,100.00000000001907,0,0,0
ND,c5.1a,-70.20321942562614,45.0491327985499,99.99999999998093,0,0,0
ND,c6.1a,-70.08082897565261,45.02497955445613,100.00000000005723,0,0,0
ND,c7.1a,-69.98540212555315,45.0128873824754,48.785504044826034,0,0,0
SC,c7.1a,-69.93293484579637,44.98911773045743,51.21449595518946,0,0,0
ND,c8.1a,-69.78981806685324,44.96701660783258,22.464607738306047,0,0,0
SC,c8.1a,-69.84978619772411,44.97904229905604,77.53539226167881,0,0,0
ND,c9.1a,-69.71585354531436,44.95476152532076,93.86199741320085,0,0,0
SC,c9.1a,-69.68872900677506,44.90749174048554,6.138002586816787,0,0,0
ND,ca.1a,-69.59501546381196,44.950368861028636,46.98647259456396,0,0,0
SC,ca.1a,-69.58961458599043,44.90679350929973,53.01352740549278,0,0,0
ND,cb.1a,-69.49036989773846,44.94655137469949,6.98906579012692,0,0,0
SC,cb.1a,-69.46869038797874,44.89926024555365,93.01093420989132,0,0,0
SC,cc.1a,-69.34834743467582,44.877753919265196,99.99999999998093,4,138,134
SC,cd.1a,-69.22658022244174,44.85283320332491,100.00000000001907,0,0,0
SC,ce.1a,-69.10490325648415,44.82780338657303,100.0000000000534,8,14,12
SC,cf.1a,-68.98331683500555,44.80266460428748,100.00000000001907,4,68,58
SC,cg.1a,-68.86182125457908,44.77741699199258,99.99999999998093,2,0,0
SC,ch.1a,-68.74041681014704,44.75206068545516,100.00000000001907,4,4,0
SC,ci.1a,-68.6191037950195,44.72659582068006,100.00000000005723,0,0,0
SC,cj.1a,-68.49788250087317,44.701022533905935,100.00000000001907,2,12,12
ND,ck.1a,-68.3306596108262,44.67862109285042,24.18882860577285,0,0,0
SC,ck.1a,-68.39173477636669,44.6745498114585,75.43226679266262,2,2,0
Co,ck.1a,-68.3366423895221,44.62276712510045,0.378904601547599,0,0,0
ND,cl.1a,-68.25917452957482,44.668162798526794,56.79175873257255,0,0,0
Co,cl.1a,-68.25117364037546,44.62508972892309,43.2082412674433,4,112,112
ND,cm.1a,-68.14973202426165,44.664328893153055,11.567575078498125,0,0,0
Co,cm.1a,-68.1328162721581,44.61833302949177,88.43242492155838,0,0,0
Co,cn.1a,-68.01392031039084,44.597647899541904,100.00000000001907,0,0,0
Co,co.1a,-67.89316193904219,44.57153455424217,99.99999999998093,0,0,0
Co,cp.1a,-67.77249700436427,44.54531360904981,100.00000000001907,0,0,0
Co,cq.1a,-67.6519257865671,44.5189852017222,100.00000000005723,0,0,0
Co,cr.1a,-67.53534535586782,44.49705946032598,89.17201069952011,0,0,0
Co,cs.1a,-67.44533045061199,44.50739395655247,6.542302642730534,0,0,0
ND,by.19,-71.01474940255606,45.29375058237681,69.52675971881497,0,0,0
ND,bz.19,-70.92895355152577,45.27253925929741,58.540746895356804,0,0,0
ND,c0.19,-70.78194377437529,45.253980295549724,97.53898248994707,0,0,0
ND,c1.19,-70.66012154521536,45.23137507074418,99.99999999998093,0,0,0
ND,c2.19,-70.53723494121512,45.20762766456649,100.00000000001907,0,0,0
ND,c3.19,-70.41443552501379,45.18376956567295,100.0000000000534,0,0,0
ND,c4.19,-70.29172361349715,45.15980090710079,100.00000000001907,0,0,0
ND,c5.19,-70.16909952193237,45.13572182218159,99.99999999998093,0,0,0
ND,c6.19,-70.04656356396568,45.11153244453716,100.00000000005723,0,0,0
ND,c7.19,-69.92958875632492,45.0919140715175,87.10539779902788,0,0,0
SC,c7.19,-69.88716690182768,45.05560632763563,12.89460220099026,0,0,0
ND,c8.19,-69.79036741426458,45.070348215717466,75.17467323159433,0,0,0
SC,c8.19,-69.83623194405419,45.040031893821556,24.825326768387807,0,0,0
ND,c9.19,-69.67948760376157,45.03830389573016,100.00000000001907,0,0,0
ND,ca.19,-69.55730728416216,45.01367468905237,100.00000000005723,2,32,32
ND,cb.19,-69.43586317835526,44.98997657721615,97.93221000354237,0,0,0
SC,cb.19,-69.40461905485924,44.93964608049268,2.06778999647525,0,0,0
ND,cc.19,-69.32070575828541,44.982897062717505,54.4108233246429,0,0,0
SC,cc.19,-69.30428238910967,44.941638871439785,45.589176675336304,0,0,0
ND,cd.19,-69.2260782736733,44.987285991945654,2.426986700670004,0,0,0
SC,cd.19,-69.1904413186379,44.93793202894682,97.57301329935073,6,22,22
SC,ce.19,-69.06948581085402,44.914063012178,100.0000000000534,2,4,0
SC,cf.19,-68.94775690093485,44.888887058703084,100.00000000001907,2,0,0
SC,cg.19,-68.82611917150362,44.863602163721445,99.99999999998093,0,0,0
SC,ch.19,-68.70457291825373,44.83820846375986,100.00000000001907,0,0,0
SC,ci.19,-68.58311843523688,44.812706095583245,100.00000000005723,6,18,4
ND,cj.19,-68.39897026459013,44.8076085008396,5.646207019920349,0,0,0
SC,cj.19,-68.46551195306522,44.78586676069486,94.35379298009777,0,0,0
ND,ck.19,-68.33246108012015,44.76392072404964,87.0229159863243,2,24,14
SC,ck.19,-68.39428419081435,44.7442985612496,12.977084013656617,0,0,0
ND,cl.19,-68.21930852345,44.73554835289792,100.00000000001907,0,0,0
ND,cm.19,-68.098548125827,44.7101014209941,99.06235148910069,0,0,0
Co,cm.19,-68.06400969818323,44.65797631355937,0.937648510953426,0,0,0
ND,cn.19,-67.97847399392417,44.69635860655442,71.11153440198707,4,28,10
Co,cn.19,-67.97417932129237,44.65208785514978,28.888465598031043,0,0,0
ND,co.19,-67.86828378988166,44.69122541982181,22.58327958177933,0,0,0
Co,co.19,-67.85285162799552,44.64755569917343,77.41672041820097,0,0,0
Co,cp.19,-67.73553097565983,44.63115834464839,100.00000000001907,0,0,0
Co,cq.19,-67.61482104296302,44.604791581473975,100.00000000005723,0,0,0
Co,cr.19,-67.49420545289257,44.578317390987664,99.99999999998093,0,0,0
Co,cs.19,-67.3852204582474,44.563018376184594,68.00439380876362,2,0,0
Co,ct.19,-67.29155086592188,44.57670694390173,0.718050974013209,0,0,0
ND,by.18,-70.97147789305201,45.34137635335011,3.134666827845693,0,0,0
ND,bz.18,-70.82673954774653,45.374867022699256,6.06715557300824,0,0,0
ND,c0.18,-70.74700950141727,45.34244307294576,96.2088588441767,0,0,0
ND,c1.18,-70.62650010933024,45.31811746862456,99.9999999999237,0,0,0
ND,c2.18,-70.50346635840474,45.29433424223524,99.99999999996186,0,0,0
ND,c3.18,-70.3805201256988,45.27044020139136,100,0,0,0
ND,c4.18,-70.25766172897558,45.246435479890756,99.99999999996567,0,0,0
ND,c5.18,-70.13489148437,45.22232021182607,99.9999999999237,0,0,0
ND,c6.18,-70.01220970638641,45.198094531580715,100,0,0,0
ND,c7.18,-69.88961670789666,45.17375857382429,99.99999999996186,0,0,0
ND,c8.18,-69.76711280013814,45.14931247350839,99.99999999992752,0,0,0
ND,c9.18,-69.64469829271161,45.12475636586193,99.99999999996186,0,0,0
ND,ca.18,-69.52237349357938,45.10009038638693,100,2,4,0
ND,cb.18,-69.40013870906364,45.07531467085442,99.99999999996186,0,0,0
ND,cc.18,-69.27799424384457,45.050429355299435,99.99999999992752,0,0,0
ND,cd.18,-69.16100151740318,45.03431170038745,78.95854894512891,0,0,0
SC,cd.18,-69.13696035326069,44.992122910534036,21.04145105483353,0,0,0
ND,ce.18,-69.03848216851895,45.03317013457787,25.922487819645195,0,0,0
SC,ce.18,-69.03240216265446,44.9888392077511,74.07751218035466,0,0,0
ND,cf.18,-68.94789796689192,45.02717701330618,0.69432620756948,0,0,0
SC,cf.18,-68.91185572906478,44.974753169124796,99.30567379239196,4,66,64
SC,cg.18,-68.79032561197323,44.949794822569125,99.99999999992752,2,4,4
SC,ch.18,-68.66863725585354,44.92436355637912,99.99999999996186,4,6,4
SC,ci.18,-68.5470410125384,44.898823511686594,100,0,0,0
ND,cj.18,-68.39876986805486,44.87669896068239,55.31795551850986,0,0,0
SC,cj.18,-68.45867216691904,44.86880446046169,44.682044481453296,2,8,4
ND,ck.18,-68.30412603523666,44.84741763808119,99.99999999992752,0,0,0
ND,cl.18,-68.18280788257178,44.821552085382116,99.99999999996186,0,0,0
ND,cm.18,-68.06158300535256,44.795578306599396,100,0,0,0
ND,cn.18,-67.94045169009912,44.769496440390704,99.99999999996186,2,8,2
ND,co.18,-67.81968097448916,44.74366384392356,99.31417132563567,0,0,0
Co,co.18,-67.78081581236455,44.69157559958914,0.68582867429018,0,0,0
ND,cp.18,-67.71006364598023,44.73896245058802,44.89864670725537,0,0,0
Co,cp.18,-67.68903024116497,44.69912056126664,55.101353292708396,0,0,0
Co,cq.18,-67.57762195645728,44.69060370695056,100,0,0,0
Co,cr.18,-67.45686772109168,44.664090881804555,99.9999999999237,0,0,0
Co,cs.18,-67.33620845540258,44.63747066562603,99.99999999996186,0,0,0
Co,ct.18,-67.22741601920895,44.625616879783294,60.03568538857961,0,0,0
Co,cu.18,-67.13544978586266,44.63684860874731,0.283293478791475,0,0,0
ND,bz.17,-70.79777432449754,45.40966400018501,3.540175452491045,0,0,0
ND,c0.17,-70.72438625358325,45.40776343996364,36.21333337139201,0,0,0
ND,c1.17,-70.58951597062949,45.4046397553143,94.6209725757795,0,0,0
ND,c2.17,-70.46961025710375,45.381050939924,100.00000000001907,0,0,0
ND,c3.17,-70.3465168901297,45.35712078813347,100.0000000000534,0,0,0
ND,c4.17,-70.2235116920647,45.3330798343243,100.00000000001907,0,0,0
ND,c5.17,-70.10059497991358,45.30892821335562,99.99999999998093,0,0,0
ND,c6.17,-69.97776706904085,45.284666060377766,100.00000000005723,0,0,0
ND,c7.17,-69.85502827316893,45.260293510827765,100.00000000001907,0,0,0
ND,c8.17,-69.73237890437598,45.235810700424935,99.99999999998093,0,0,0
ND,c9.17,-69.60981927309389,45.21121776516658,100.00000000001907,2,18,18
ND,ca.17,-69.48734968810645,45.186514841323394,100.00000000005723,2,0,0
ND,cb.17,-69.36497045654755,45.161702065435144,100.00000000001907,0,0,0
ND,cc.17,-69.2426818838995,45.13677957430638,99.99999999998093,0,0,0
ND,cd.17,-69.12048427399107,45.11174750500177,100.00000000001907,2,0,0
ND,ce.17,-68.99837792899608,45.086605994842124,100.0000000000534,0,0,0
ND,cf.17,-68.90253381568631,45.072809180008974,50.57533734635353,0,0,0
SC,cf.17,-68.8495924299943,45.04962956696987,49.4246626536653,0,0,0
SC,cg.17,-68.75444023415771,45.0359952024938,99.99999999998093,4,0,0
SC,ch.17,-68.63260948037332,45.010526196186824,100.00000000001907,2,10,10
ND,ci.17,-68.47841822835902,44.99146523493452,43.04748914473033,0,0,0
SC,ci.17,-68.53539653726858,44.98001734575277,56.952510855324505,0,0,0
ND,cj.17,-68.38857657817317,44.95950895045518,99.10500167309021,0,0,0
SC,cj.17,-68.46106782129999,44.931859574682534,0.894998326928914,0,0,0
ND,ck.17,-68.26767313503565,44.933466397033555,99.99999999998093,0,0,0
ND,cl.17,-68.14621396597168,44.90756266644974,100.00000000001907,0,0,0
ND,cm.17,-68.02484841945832,44.881550602266806,100.0000000000534,2,6,4
ND,cn.17,-67.90357678271207,44.855430343913156,100.00000000001907,0,0,0
ND,co.17,-67.78239934128162,44.829202031029595,99.99999999998093,0,0,0
ND,cp.17,-67.6613368703523,44.80289311658461,99.950261264651715,0,0,0
Co,cp.17,-67.62017250556305,44.74797701741271,0.049738735367,0,0,0
ND,cq.17,-67.55636056606625,44.7965155610431,45.54669617165697,0,0,0
Co,cq.17,-67.52692545025516,44.7596138859874,54.45330382840419,0,0,0
Co,cr.17,-67.41943501933733,44.74987016470719,99.99999999998093,2,2,2
Co,cs.17,-67.29863718127191,44.72321103421481,100.00000000001907,0,0,0
Co,ct.17,-67.17793494122013,44.696444550436105,100.0000000000534,0,0,0
Co,cu.17,-67.09325856809485,44.688785560618,28.11415925326824,0,0,0
ND,c0.16,-70.66562481699033,45.51307044441909,72.35710323421887,0,0,0
ND,c1.16,-70.55899530909788,45.491633381849525,99.99999999994277,0,0,0
ND,c2.16,-70.43566630526381,45.46777800812589,99.99999999998093,0,0,0
ND,c3.16,-70.31242548537853,45.44381157530243,100.00000000001907,0,0,0
ND,c4.16,-70.18927316896662,45.41973421871412,99.99999999998093,0,0,0
ND,c5.16,-70.06620967390499,45.39554607399179,99.9999999999466,0,0,0
ND,c6.16,-69.94323531642043,45.37124727705818,100.00000000001526,0,0,0
ND,c7.16,-69.82035041108789,45.34683796412292,99.99999999998474,2,0,0
ND,c8.16,-69.69755527082827,45.322318271678746,99.99999999994277,0,0,0
ND,c9.16,-69.57485020690652,45.29768833649632,99.99999999998093,0,0,0
ND,ca.16,-69.45223552892963,45.27294829562034,100.00000000001907,0,0,0
ND,cb.16,-69.32971154484508,45.24809828636489,99.99999999998093,0,0,0
ND,cc.16,-69.20727856093893,45.223138446308965,99.99999999994277,0,0,0
ND,cd.16,-69.08493688183401,45.19806891329223,99.99999999998093,0,0,0
ND,ce.16,-68.96268681048848,45.17288982541052,100.00000000001907,0,0,0
ND,cf.16,-68.84515665604638,45.15186308024579,88.90603791295923,4,26,6
SC,cf.16,-68.80346141681802,45.11344378971244,11.09396208702159,0,0,0
ND,cg.16,-68.76222183373994,45.167640319064624,1.366821882966757,0,0,0
SC,cg.16,-68.71785671273513,45.12157382765545,98.63317811698151,4,0,0
SC,ch.16,-68.59648924758741,45.09669661728245,99.99999999998093,4,24,22
ND,ci.16,-68.45899941630354,45.07009871571443,75.29222857348871,0,0,0
SC,ci.16,-68.52217743689894,45.074061929027295,24.707771426531078,0,0,0
ND,cj.16,-68.35282105696821,45.045355913754385,99.99999999998093,0,0,0
ND,ck.16,-68.23112690088945,45.0195224104843,99.99999999994277,0,0,0
ND,cl.16,-68.10952642654308,44.993580325823075,99.99999999998093,0,0,0
ND,cm.16,-67.98801992351908,44.96752979975776,100.00000000001907,0,0,0
ND,cn.16,-67.86660767973112,44.941370972492564,99.99999999998093,0,0,0
ND,co.16,-67.74528998141561,44.91510398444387,99.9999999999466,0,0,0
ND,cp.16,-67.6240671131306,44.88872897623643,99.99999999998093,0,0,0
ND,cq.16,-67.50330376653595,44.862704416744386,99.09536059507226,0,0,0
Co,cq.16,-67.46305155449521,44.81203715900366,0.904639404946327,0,0,0
ND,cr.16,-67.41517751215696,44.86407966681069,19.2801935157156,0,0,0
Co,cr.16,-67.37396437585933,44.82886529895217,80.71980648422623,0,0,0
Co,cs.16,-67.26097030884887,44.808957239941435,99.99999999998093,0,0,0
Co,ct.16,-67.14012957267407,44.782151561359704,100.00000000001907,0,0,0
Co,cu.16,-67.0337156334775,44.763497492478,70.43211881100679,0,0,0
ND,c0.15,-70.62147699472948,45.58833755812126,46.04254632769108,0,0,0
ND,c1.15,-70.52511128079907,45.57840740176567,99.99999999998093,2,4,0
ND,c2.15,-70.4016341692008,45.55451569873032,100.00000000001907,0,0,0
ND,c3.15,-70.27824557687933,45.5305128136872,100.0000000000534,0,0,0
ND,c4.15,-70.15494582424337,45.50639888274793,100.00000000001907,2,4,2
ND,c5.15,-70.03173523004396,45.482174042320715,99.99999999998093,0,0,0
ND,c6.15,-69.90861411137233,45.45783842910582,100.00000000005723,0,0,0
ND,c7.15,-69.78558278365793,45.43339218009119,100.00000000001907,0,0,0
ND,c8.15,-69.66264156066643,45.40883543254793,99.99999999998093,0,0,0
ND,c9.15,-69.53979075449762,45.38416832402574,100.00000000001907,0,0,0
ND,ca.15,-69.4170306755836,45.35939099234872,100.00000000005723,0,0,0
ND,cb.15,-69.29436163268711,45.33450357561037,100.00000000001907,0,0,0
ND,cc.15,-69.17178393289969,45.309506212169865,99.99999999998093,0,0,0
ND,cd.15,-69.04929788163983,45.284399040646754,100.00000000001907,0,0,0
ND,ce.15,-68.92690378265159,45.259182199917355,100.0000000000534,2,0,0
ND,cf.15,-68.80460193800302,45.23385582910962,100.00000000001907,0,0,0
ND,cg.15,-68.71951906945067,45.23394386452079,18.128833170387864,0,0,0
SC,cg.15,-68.67417551996718,45.20276713313299,81.87116682959557,2,0,0
ND,ch.15,-68.51852346924925,45.19997126771443,24.140063973720192,0,0,0
SC,ch.15,-68.57355825925157,45.1774321507357,75.85993602629804,2,0,0
ND,ci.15,-68.43712663719738,45.157594650613945,98.44263809605837,0,0,0
SC,ci.15,-68.50942145215105,45.133579256066774,1.557361903997898,0,0,0
ND,cj.15,-68.31632308542314,45.13145783622795,100.00000000001907,0,0,0
ND,ck.15,-68.19448698473165,45.10558591045864,99.99999999998093,0,0,0
ND,cl.15,-68.07274491551271,45.07960529442285,100.00000000001907,0,0,0
ND,cm.15,-67.95109716806421,45.05351612888894,100.0000000000534,0,0,0
ND,cn.15,-67.82954403099808,45.02731855484165,100.00000000001907,0,0,0
ND,co.15,-67.70808579123926,45.001012713478545,99.99999999998093,0,0,0
ND,cp.15,-67.58672273402468,44.97459874620486,100.00000000001907,0,0,0
ND,cq.15,-67.46545514290257,44.94807679462987,100.00000000005723,0,0,0
ND,cr.15,-67.35869042675688,44.929686595434006,70.41171940833974,0,0,0
Co,cr.15,-67.31001260365083,44.90183351387367,29.588280591641425,0,0,0
Co,cs.15,-67.22320748468083,44.894709506005135,100.00000000001907,0,0,0
Co,ct.15,-67.1022279762274,44.86786445315353,100.0000000000534,0,0,0
Co,cu.15,-66.98419662925359,44.84068321639374,95.54477585617686,0,0,0
Co,cv.15,-66.92123520369675,44.821153149296514,0.987987226319551,0,0,0
ND,c0.14,-70.57360398091102,45.641882203492166,1.854280352689505,0,0,0
ND,c1.14,-70.4837681467363,45.65683056180736,78.41219559278619,0,0,0
ND,c2.14,-70.36751351358501,45.641264265039126,99.99999999998093,0,0,0
ND,c3.14,-70.24397682841837,45.61722475547851,100.00000000001907,0,0,0
ND,c4.14,-70.12052932080695,45.5930740775049,99.99999999998093,0,0,0
ND,c5.14,-69.99717131037815,45.56881236830912,99.9999999999466,0,0,0
ND,c6.14,-69.87390311508966,45.544439765374705,100.00000000001526,0,0,0
ND,c7.14,-69.75072505122748,45.51995640647306,99.99999999998474,0,0,0
ND,c8.14,-69.62763743340395,45.495362429659366,99.99999999994277,0,0,0
ND,c9.14,-69.50464057455561,45.47065797326776,99.99999999998093,0,0,0
ND,ca.14,-69.38173478594148,45.445843175906916,100.00000000001907,0,0,0
ND,cb.14,-69.25892037714132,45.42091817645552,99.99999999998093,0,0,0
ND,cc.14,-69.13619765605377,45.39588311405788,99.99999999994277,0,0,0
ND,cd.14,-69.01356692889465,45.3707381281192,99.99999999998093,0,0,0
ND,ce.14,-68.89102850019543,45.34548335830142,100.00000000001907,0,0,0
ND,cf.14,-68.76858267280174,45.32011894451853,99.99999999998093,0,0,0
ND,cg.14,-68.64675182803582,45.29563514972831,98.03985976840961,0,0,0
SC,cg.14,-68.620136663461,45.24512280251677,1.960140231533945,0,0,0
ND,ch.14,-68.5229605809633,45.2695072791905,98.50750320793438,0,0,0
SC,ch.14,-68.59056548653369,45.239640108958206,1.492496792047948,0,0,0
ND,ci.14,-68.40180380159124,45.24336924220736,100.00000000001907,0,0,0
ND,cj.14,-68.27973137410783,45.217567656590404,99.99999999998093,0,0,0
ND,ck.14,-68.15775303682048,45.191657130204206,99.99999999994277,0,0,0
ND,cl.14,-68.03586908243086,45.165637804382186,99.99999999998093,0,0,0
ND,cm.14,-67.9140798019458,45.13950982067868,100.00000000001907,0,0,0
ND,cn.14,-67.79238548467646,45.11327332086484,99.99999999998093,0,0,0
ND,co.14,-67.670786418237185,45.08692844692401,99.9999999999466,0,0,0
ND,cp.14,-67.54928288854465,45.06047534104757,99.99999999998093,0,0,0
ND,cq.14,-67.42787517981708,45.033914145630405,100.00000000001907,0,0,0
ND,cr.14,-67.30672400840052,45.007450603394815,99.60750415924764,0,0,0
Co,cr.14,-67.265880410495555,44.955064863468074,0.392495840695858,0,0,0
ND,cs.14,-67.21949829607468,45.007709128675735,20.003813465208292,0,0,0
Co,cs.14,-67.17681315603802,44.97365508041538,79.99618653477239,0,0,0
Co,ct.14,-67.06526765769038,44.95320814726998,98.55618582525015,0,0,0
Co,cu.14,-66.98023506151561,44.91419985827339,33.20411179659998,0,0,0
ND,c1.13,-70.40716437749249,45.743689780727344,15.60634353489697,0,0,0
ND,c2.13,-70.33330400143136,45.72802396178299,100.00000000001907,0,0,0
ND,c3.13,-70.2096189021243,45.70394765428511,100.0000000000534,0,0,0
ND,c4.13,-70.08602331990967,45.679760055471164,100.00000000001907,0,0,0
ND,c5.13,-69.96251757529342,45.65546130332017,99.99999999998093,0,0,0
ND,c6.13,-69.83910198710173,45.63105153610435,100.00000000005723,0,0,0
ND,c7.13,-69.71577687247915,45.60653089238419,100.00000000001907,0,0,0
ND,c8.13,-69.59254254688666,45.58189951100439,99.99999999998093,0,0,0
ND,c9.13,-69.46939932409946,45.557157531088905,100.00000000001907,0,0,0
ND,ca.13,-69.34634751620524,45.532305092036474,100.00000000005723,0,0,0
ND,cb.13,-69.22338743360248,45.507342333516434,100.00000000001907,0,0,0
ND,cc.13,-69.10051938499869,45.48226939546363,99.99999999998093,0,0,0
ND,cd.13,-68.97774367740855,45.4570864180744,100.00000000001907,0,0,0
ND,ce.13,-68.85506061615251,45.431793541801795,100.0000000000534,0,0,0
ND,cf.13,-68.73247050485524,45.406390907351,100.00000000001907,0,0,0
ND,cg.13,-68.6099736454442,45.380878655675275,99.99999999998093,0,0,0
ND,ch.13,-68.48757033814807,45.35525692797093,100.00000000001907,0,0,0
ND,ci.13,-68.36526088149556,45.32952586567312,100.00000000005723,0,0,0
ND,cj.13,-68.24304557231422,45.30368561045155,100.00000000001907,0,0,0
ND,ck.13,-68.12092470572914,45.277736304205575,99.99999999998093,0,0,0
ND,cl.13,-67.99889857516175,45.25167808906025,100.00000000001907,0,0,0
ND,cm.13,-67.8769674723289,45.22551110736136,100.0000000000534,0,0,0
ND,cn.13,-67.75513168724184,45.19923550167158,100.00000000001907,0,0,0
ND,co.13,-67.63339150820529,45.17285141476555,99.99999999998093,0,0,0
ND,cp.13,-67.51174722181642,45.146358989625824,100.00000000001907,0,0,0
ND,cq.13,-67.3951936479244,45.11464116173107,85.54666163304842,0,0,0
ND,cr.13,-67.26874138849328,45.09304154293327,99.98533203805977,0,0,0
ND,cs.13,-67.16854156956884,45.07254534746081,62.93822885125804,0,0,0
Co,cs.13,-67.11678438272114,45.04220302294083,26.83249600870228,0,0,0
Co,ct.13,-67.05841305880597,45.02784695200497,40.02675249637219,0,0,0
ND,c1.12,-70.38069081021136,45.80893783071138,11.434693724574625,0,0,0
ND,c2.12,-70.29788170899013,45.81306878846541,96.44984307872662,0,0,0
ND,c3.12,-70.17517145845821,45.79068176515018,100.00000000001907,0,0,0
ND,c4.12,-70.05142748113414,45.76645707055659,99.99999999998093,0,0,0
ND,c5.12,-69.9277736835038,45.74212110012981,99.9999999999466,0,0,0
ND,c6.12,-69.80421038526399,45.717673992936284,100.00000000001526,0,0,0
ND,c7.12,-69.68073790441984,45.69311588833121,99.99999999998474,0,0,0
ND,c8.12,-69.55735655728286,45.66844692595422,99.99999999994277,0,0,0
ND,c9.12,-69.43406665846874,45.64366724572465,99.99999999998093,0,0,0
ND,ca.12,-69.31086852089565,45.61877698783705,100.00000000001907,0,0,0
ND,cb.12,-69.18776245578262,45.59377629275658,99.99999999998093,0,0,0
ND,cc.12,-69.06474877264756,45.56866530121438,99.99999999994277,0,0,0
ND,cd.12,-68.9418277793057,45.54344415420314,99.99999999998093,0,0,0
ND,ce.12,-68.81899978186792,45.51811299297255,100.00000000001907,0,0,0
ND,cf.12,-68.69626508473945,45.49267195902461,99.99999999998093,0,0,0
ND,cg.12,-68.57362399061827,45.46712119410937,99.9999999999466,0,0,0
ND,ch.12,-68.45107680049367,45.44146084022015,99.99999999998093,0,0,0
ND,ci.12,-68.32862381364497,45.41569103958915,100.00000000001907,0,0,0
ND,cj.12,-68.20626532764044,45.38981193468296,99.99999999998093,0,0,0
ND,ck.12,-68.08400163833596,45.36382366819811,99.99999999994277,0,0,0
ND,cl.12,-67.96183303987382,45.337726383056484,99.99999999998093,0,0,0
ND,cm.12,-67.83975982468178,45.3115202224008,100.00000000001907,0,0,0
ND,cn.12,-67.7177822834722,45.285205329590475,99.99999999998093,0,0,0
ND,co.12,-67.59590070524101,45.25878184819682,99.9999999999466,0,0,0
ND,cp.12,-67.49064355458273,45.22641699630414,70.32731364151239,0,0,0
ND,cq.12,-67.41732925896333,45.18218693979308,3.944546386576749,0,0,0
ND,cr.12,-67.2328228863829,45.155947693264764,46.36930656384945,0,0,0
ND,cs.12,-67.15410606879291,45.13658499736799,22.042746698904022,0,0,0
ND,c2.11,-70.23268343939368,45.892648071460385,45.418455177950264,0,0,0
ND,c3.11,-70.1406341562037,45.87742734456819,100.0000000000534,0,0,0
ND,c4.11,-70.0167414623833,45.85316537811106,100.00000000001907,0,0,0
ND,c5.11,-69.89293929204167,45.82879201294286,99.99999999998093,0,0,0
ND,c6.11,-69.76922796574827,45.80430738892994,100.00000000005723,0,0,0
ND,c7.11,-69.64560780237085,45.779711646227575,100.00000000001907,0,0,0
ND,c8.11,-69.52207911907328,45.75500492527615,99.99999999998093,0,0,0
ND,c9.11,-69.3986422313137,45.730187366795846,100.00000000001907,0,0,0
ND,ca.11,-69.27529745284255,45.70525911178252,100.00000000005723,0,0,0
ND,cb.11,-69.15204509570104,45.680220301502736,100.00000000001907,0,0,0
ND,cc.11,-69.02888547021924,45.65507107748949,99.99999999998093,0,0,0
ND,cd.11,-68.90581888501441,45.62981158153745,100.00000000001907,4,0,0
ND,ce.11,-68.78284564698947,45.60444195569831,100.0000000000534,0,0,0
ND,cf.11,-68.65996606133163,45.578962342276434,100.00000000001907,0,0,0
ND,cg.11,-68.53718043151078,45.553372883824174,99.99999999998093,2,0,0
ND,ch.11,-68.4144890592781,45.52767372313726,100.00000000001907,0,0,0
ND,ci.11,-68.29189224466482,45.50186500325034,100.00000000005723,0,0,0
ND,cj.11,-68.1693902859811,45.4759468674325,100.00000000001907,0,0,0
ND,ck.11,-68.04698347981467,45.449919459182624,99.99999999998093,0,0,0
ND,cl.11,-67.92467212102977,45.423782922224994,100.00000000001907,0,0,0
ND,cm.11,-67.80245650276612,45.397537400504774,100.0000000000534,0,0,0
ND,cn.11,-67.68033691643804,45.37118303818328,100.00000000001907,0,0,0
ND,co.11,-67.55831365173349,45.344719979633936,99.99999999998093,0,0,0
ND,cp.11,-67.47306676551864,45.33280450154879,33.38573840543367,0,0,0
ND,c1.10,-70.29608940978284,46.01925135715229,9.767079361908197,0,0,0
ND,c2.10,-70.22596754308894,45.99139430176988,91.1009258594451,0,0,0
ND,c3.10,-70.10600665245684,45.964184650501274,100.00000000001907,0,0,0
ND,c4.10,-69.98196491987044,45.93988523494117,99.99999999998093,0,0,0
ND,c5.10,-69.85801405624763,45.91547429740995,99.9999999999466,0,0,0
ND,c6.10,-69.73415438303262,45.89095197857918,100.00000000001526,0,0,0
ND,c7.10,-69.61038621995768,45.86631841941031,99.99999999998474,0,0,0
ND,c8.10,-69.48670988504112,45.841573761149675,99.99999999994277,0,0,0
ND,c9.10,-69.36312569458525,45.816718145324295,99.99999999998093,0,0,0
ND,ca.10,-69.23963396317461,45.79175171373671,100.00000000001907,0,0,0
ND,cb.10,-69.1162350036743,45.76667460846063,99.99999999998093,0,0,0
ND,cc.10,-68.99292912722821,45.74148697183642,99.99999999994277,0,0,0
ND,cd.10,-68.86971664325719,45.71618894646631,99.99999999998093,0,0,0
ND,ce.10,-68.74659785945774,45.69078067520955,100.00000000001907,0,0,0
ND,cf.10,-68.6235730818004,45.66526230117842,99.99999999998093,0,0,0
ND,cg.10,-68.50064261452845,45.63963396773303,99.9999999999466,0,0,0
ND,ch.10,-68.3778067601562,45.61389581847713,99.99999999998093,0,0,0
ND,ci.10,-68.25506581946807,45.588047997253305,100.00000000001907,0,0,0
ND,cj.10,-68.13242009151723,45.562090648138614,99.99999999998093,0,0,0
ND,ck.10,-68.00986987362445,45.536023915439884,99.99999999994277,0,0,0
ND,cl.10,-67.88741546137688,45.50984794368911,99.99999999998093,0,0,0
ND,cm.10,-67.76505714862716,45.48356287763915,100.00000000001907,0,0,0
ND,cn.10,-67.64279522749251,45.45716886225906,99.99999999998093,0,0,0
ND,co.10,-67.52761036488161,45.42846981711836,89.01120695845175,0,0,0
ND,cp.10,-67.44935682511002,45.38660817581324,15.499756447969437,0,0,0
ND,c1.0z,-70.27879529039885,46.08019625653098,20.486228400820732,0,0,0
ND,c2.0z,-70.19556680526428,46.0751748902517,99.99177381639215,0,0,0
ND,c3.0z,-70.07128860261601,46.05095394239683,100.0000000000534,0,0,0
ND,c4.0z,-69.94709750810901,46.026616899327415,100.00000000001907,0,0,0
ND,c5.0z,-69.82299762976044,46.002168210643894,99.99999999998093,0,0,0
ND,c6.0z,-69.69898928989123,45.977608017829084,100.00000000005723,0,0,0
ND,c7.0z,-69.5750728091002,45.95293646265604,100.00000000001907,0,0,0
ND,c8.0z,-69.45124850626199,45.92815368718299,99.99999999998093,0,0,0
ND,c9.0z,-69.32751669852495,45.90325983374911,100.00000000001907,0,0,0
ND,ca.0z,-69.20387770130948,45.87825504496958,100.00000000005723,0,0,0
ND,cb.0z,-69.08033182830629,45.85313946373082,100.00000000001907,0,0,0
ND,cc.0z,-68.95687939147467,45.827913233186216,99.99999999998093,0,0,0
ND,cd.0z,-68.83352070104074,45.802576496750994,100.00000000001907,0,0,0
ND,ce.0z,-68.71025606549597,45.77712939809794,100.0000000000534,0,0,0
ND,cf.0z,-68.58708579159574,45.75157208115244,100.00000000001907,0,0,0
ND,cg.0z,-68.464010184358,45.72590469008831,99.99999999998093,0,0,0
ND,ch.0z,-68.34102954706162,45.700127369322686,100.00000000001907,0,0,0
ND,ci.0z,-68.21814418124531,45.674240263511756,100.00000000005723,0,0,0
ND,cj.0z,-68.09535438670645,45.648243517545865,100.00000000001907,0,0,0
ND,ck.0z,-67.97266046149991,45.6221372765454,99.99999999998093,0,0,0
ND,cl.0z,-67.85006270193684,45.595921685855686,100.00000000001907,0,0,0
ND,cm.0z,-67.72756140258372,45.56959689104265,100.0000000000534,0,0,0
ND,cn.0z,-67.60515685626157,45.54316303788851,100.00000000001907,0,0,0
ND,co.0z,-67.49527160009079,45.52290692818893,74.31309702136397,0,0,0
ND,c1.0y,-70.24574557707255,46.191329086090185,34.22858678249919,0,0,0
ND,c2.0y,-70.16091147059167,46.16199850171219,99.99973512194164,0,0,0
ND,c3.0y,-70.03647966037171,46.137735481204466,100.00000000001907,0,0,0
ND,c4.0y,-69.91213887990254,46.11336063104099,99.99999999998093,0,0,0
ND,c5.0y,-69.78788966450678,46.088874011237124,99.9999999999466,0,0,0
ND,c6.0y,-69.66373233738426,46.06427576409269,100.00000000001526,0,0,0
ND,c7.0y,-69.53966722000227,46.03956603219808,99.99999999998474,0,0,0
ND,c8.0y,-69.41569463209368,46.01474495842923,99.99999999994277,0,0,0
ND,c9.0y,-69.29181489165474,45.9898126859432,99.99999999998093,0,0,0
ND,ca.0y,-69.16802831494346,45.96476935817346,100.00000000001907,0,0,0
ND,cb.0y,-69.0443352164779,45.93961511882491,99.99999999998093,0,0,0
ND,cc.0y,-68.92073590903436,45.91435011186958,99.99999999994277,0,0,0
ND,cd.0y,-68.79723070364575,45.88897448154144,99.99999999998093,0,0,0
ND,ce.0y,-68.67381990960001,45.86348837233227,100.00000000001907,0,0,0
ND,cf.0y,-68.55050383443887,45.83789192898658,99.99999999998093,0,0,0
ND,cg.0y,-68.4272827839562,45.8121852964971,99.9999999999466,0,0,0
ND,ch.0y,-68.30415706219671,45.78636862010024,99.99999999998093,0,0,0
ND,ci.0y,-68.18112697145463,45.76044204527119,100.00000000001907,0,0,0
ND,cj.0y,-68.05819281227278,45.73440571771946,99.99999999998093,0,0,0
ND,ck.0y,-67.93535488344115,45.70825978338431,99.99999999994277,0,0,0
ND,cl.0y,-67.8247395301234,45.676225167215996,76.58225286323022,0,0,0
ND,cm.0y,-67.71287694283191,45.63666580209494,41.878919332896395,0,0,0
ND,cn.0y,-67.58950702252862,45.594780319069194,15.314582219709278,0,0,0
ND,co.0y,-67.47410647704179,45.57991526098416,25.64485363486934,0,0,0
ND,c1.0x,-70.21698330122602,46.26147270256223,40.76574988523638,0,0,0
ND,c2.0x,-70.12616185895578,46.248830330548564,100.00000000001907,0,0,0
ND,c3.0x,-70.00157947769642,46.22452952939353,100.0000000000534,0,0,0
ND,c4.0x,-69.87708868633429,46.20011669136121,100.00000000001907,0,0,0
ND,c5.0x,-69.75268981069114,46.17559195927851,99.99999999998093,0,0,0
ND,c6.0x,-69.62838317484763,46.15095547626805,100.00000000005723,0,0,0
ND,c7.0x,-69.50416910114158,46.12620738574332,100.00000000001907,0,0,0
ND,c8.0x,-69.38004791016598,46.10134783140365,99.99999999998093,0,0,0
ND,c9.0x,-69.25601992076682,46.07637695722997,100.00000000001907,0,0,0
ND,ca.0x,-69.13208545004146,46.05129490747969,100.00000000005723,0,0,0
ND,cb.0x,-69.00824481333694,46.02610182668197,100.00000000001907,0,0,0
ND,cc.0x,-68.88449832424831,46.000797859633124,99.99999999998093,0,0,0
ND,cd.0x,-68.76084629461675,45.97538315139182,100.00000000001907,0,0,0
ND,ce.0x,-68.6372890345282,45.949857847274465,100.0000000000534,0,0,0
ND,cf.0x,-68.51382685231202,45.92422209285014,100.00000000001907,0,0,0
ND,cg.0x,-68.3904600545395,45.89847603393658,99.99999999998093,0,0,0
ND,ch.0x,-68.26718894602236,45.87261981659483,100.00000000001907,0,0,0
ND,ci.0x,-68.14401382981166,45.84665358712482,100.00000000005723,0,0,0
ND,cj.0x,-68.02093500719663,45.820577492060806,100.00000000001907,0,0,0
ND,ck.0x,-67.89795277770357,45.794391678166704,99.99999999998093,0,0,0
ND,cl.0x,-67.81809843591964,45.77059777257678,31.859296843933524,0,0,0
ND,c1.0w,-70.1743668131512,46.33670993199539,16.419127513929723,0,0,0
ND,c2.0w,-70.09007482075003,46.33431264158335,97.0409271920029,0,0,0
ND,c3.0w,-69.9665877048341,46.31133635097106,100.00000000001907,0,0,0
ND,c4.0w,-69.84194657675697,46.2868853430934,99.99999999998093,0,0,0
ND,c5.0w,-69.71739771678529,46.26232231637119,99.9999999999466,0,0,0
ND,c6.0w,-69.59294144988267,46.23764741475561,100.00000000001526,0,0,0
ND,c7.0w,-69.46857809925939,46.21286078248906,99.99999999998474,0,0,0
ND,c8.0w,-69.34430798637041,46.18796256410043,99.99999999994277,0,0,0
ND,c9.0w,-69.2201314309133,46.1629529044001,99.99999999998093,0,0,0
ND,ca.0w,-69.09604875082654,46.13783194847517,100.00000000001907,0,0,0
ND,cb.0w,-68.97206026228793,46.112599841685,99.99999999998093,0,0,0
ND,cc.0w,-68.84816627971267,46.08725672965608,99.99999999994277,0,0,0
ND,cd.0w,-68.72436711575187,46.0618027582773,99.99999999998093,0,0,0
ND,ce.0w,-68.60066308129095,46.036238073695515,100.00000000001907,0,0,0
ND,cf.0w,-68.47705448544833,46.01056282231042,99.99999999998093,0,0,0
ND,cg.0w,-68.35354163557395,45.98477715077007,99.9999999999466,0,0,0
ND,ch.0w,-68.23012483724787,45.958881205966044,99.99999999998093,0,0,0
ND,ci.0w,-68.10680439427914,45.93287513502879,100.00000000001907,0,0,0
ND,cj.0w,-67.98358060870459,45.906759085322996,99.99999999998093,0,0,0
ND,ck.0w,-67.86203588632651,45.88052191814963,97.47359693685078,0,0,0
ND,cl.0w,-67.7908228197794,45.84470133190507,13.311485595548332,0,0,0
ND,c2.0v,-70.03651354246405,46.41403901713125,62.81055851378226,0,0,0
ND,c3.0v,-69.9315039902899,46.39815621149933,100.0000000000534,0,0,0
ND,c4.0v,-69.80671219878235,46.37366685058631,100.00000000001907,0,0,0
ND,c5.0v,-69.68201302951812,46.34906534564978,99.99999999998093,0,0,0
ND,c6.0v,-69.55740680834579,46.324351841475526,100.00000000005723,0,0,0
ND,c7.0v,-69.43289385935006,46.299526483140944,100.00000000001907,0,0,0
ND,c8.0v,-69.30847450484977,46.27458941600996,99.99999999998093,2,0,0
ND,c9.0v,-69.18414906539589,46.24954078572844,100.00000000001907,0,0,0
ND,ca.0v,-69.05991785976977,46.22438073821944,100.00000000005723,0,0,0
ND,cb.0v,-68.93578120498154,46.19910941967792,100.00000000001907,0,0,0
ND,cc.0v,-68.81173941626832,46.17372697656647,99.99999999998093,0,0,0
ND,cd.0v,-68.68779280709258,46.148233555610176,100.00000000001907,0,0,0
ND,ce.0v,-68.56394168914066,46.12262930379213,100.0000000000534,0,0,0
ND,cf.0v,-68.44018637232146,46.096914368348266,100.00000000001907,0,0,0
ND,cg.0v,-68.31652716476493,46.07108889676298,99.99999999998093,0,0,0
ND,ch.0v,-68.19296437282067,46.045153036764134,100.00000000001907,0,0,0
ND,ci.0v,-68.06949830105685,46.01910693631827,100.00000000005723,0,0,0
ND,cj.0v,-67.94612925225908,45.99295074362624,100.00000000001907,0,0,0
ND,ck.0v,-67.83279095925758,45.96508050818204,84.5637264424796,0,0,0
ND,cl.0v,-67.76520744585599,45.9181156880816,4.355039350183487,0,0,0
ND,c2.0u,-69.99652880213799,46.50592549294045,60.94771581093121,0,0,0
ND,c3.0u,-69.89632798081966,46.484989378114285,100.00000000001907,0,0,0
ND,c4.0u,-69.77138519827078,46.46046147975023,99.99999999998093,0,0,0
ND,c5.0u,-69.64653539386504,46.4358213117985,99.9999999999466,0,0,0
ND,c6.0u,-69.52177889433798,46.41106901988565,100.00000000001526,0,0,0
ND,c7.0u,-69.3971160246507,46.38620474992975,99.99999999998474,0,0,0
ND,c8.0u,-69.2725471079878,46.36122864813599,99.99999999994277,0,0,0
ND,c9.0u,-69.14807246575545,46.33614086099175,99.99999999998093,0,0,0
ND,ca.0u,-69.02369241757961,46.3109415352615,100.00000000001907,0,0,0
ND,cb.0u,-68.8994072813044,46.28563081798217,99.99999999998093,0,0,0
ND,cc.0u,-68.77521737299048,46.2602088564582,99.99999999994277,0,0,0
ND,cd.0u,-68.65112300691315,46.23467579825682,99.99999999998093,0,0,0
ND,ce.0u,-68.52712449556118,46.20903179120303,100.00000000001907,0,0,0
ND,cf.0u,-68.40322214963527,46.18327698337501,99.99999999998093,0,0,0
ND,cg.0u,-68.2794162780467,46.15741152309929,99.9999999999466,0,0,0
ND,ch.0u,-68.15570718791587,46.13143555894575,99.99999999998093,0,0,0
ND,ci.0u,-68.03209518457126,46.105349239723104,100.00000000001907,0,0,0
ND,cj.0u,-67.9085805715483,46.079152714473835,99.99999999998093,0,0,0
ND,ck.0u,-67.81598113812532,46.05471368349308,51.55387036819458,0,0,0
ND,c2.0t,-69.96932455020645,46.59445390782095,73.63546017280197,0,0,0
ND,c3.0t,-69.86105932141943,46.571836119544095,100.0000000000534,0,0,0
ND,c4.0t,-69.73596521932069,46.5472694980753,100.00000000001907,0,0,0
ND,c5.0t,-69.61096445303747,46.52259048106935,99.99999999998093,0,0,0
ND,c6.0t,-69.48605735019432,46.497799214999155,100.00000000005723,0,0,0
ND,c7.0t,-69.3612442366306,46.47289584662984,100.00000000001907,0,0,0
ND,c8.0t,-69.23652543639861,46.4478805230138,99.99999999998093,0,0,0
ND,c9.0t,-69.11190127176148,46.422753391485685,100.00000000001907,0,0,0
ND,ca.0t,-68.98737206319153,46.39751459965766,100.00000000005723,0,0,0
ND,cb.0t,-68.86293812936856,46.37216429541438,100.00000000001907,0,0,0
ND,cc.0t,-68.73859978717823,46.346702626908225,99.99999999998093,0,0,0
ND,cd.0t,-68.61435735171034,46.321129742554355,100.00000000001907,0,0,0
ND,ce.0t,-68.4902111362574,46.29544579102575,100.0000000000534,0,0,0
ND,cf.0t,-68.36616145231335,46.26965092124874,100.00000000001907,0,0,0
ND,cg.0t,-68.24220860957205,46.24374528239776,99.99999999998093,0,0,0
ND,ch.0t,-68.11835291592594,46.21772902389076,100.00000000001907,0,0,0
ND,ci.0t,-67.99459467746497,46.191602295384136,100.00000000005723,0,0,0
ND,cj.0t,-67.87093419847547,46.165365246768296,100.00000000001907,0,0,0
ND,ck.0t,-67.79874614787023,46.13819232035828,20.606119586711884,0,0,0
ND,c2.0s,-69.94083799053297,46.68084546497976,83.37474170874118,0,0,0
ND,c3.0s,-69.82569765531471,46.65869670612731,100.00000000001907,0,0,0
ND,c4.0s,-69.70045190425793,46.63409117465023,99.99999999998093,0,0,0
ND,c5.0s,-69.57529984847227,46.60937312130029,99.9999999999466,0,0,0
ND,c6.0s,-69.4502418164733,46.584542693403144,100.00000000001526,0,0,0
ND,c7.0s,-69.32527813498062,46.559600038577095,99.99999999998474,0,0,0
ND,c8.0s,-69.20040912891608,46.53454530472761,99.99999999994277,0,0,0
ND,c9.0s,-69.07563512140155,46.50937864004288,99.99999999998093,0,0,0
ND,ca.0s,-68.95095643375741,46.484100192988656,100.00000000001907,0,0,0
ND,cb.0s,-68.8263733855008,46.45871011230351,99.99999999998093,0,0,0
ND,cc.0s,-68.701886294344,46.43320854699354,99.99999999994277,0,0,0
ND,cd.0s,-68.57749547619271,46.40759564632793,99.99999999998093,0,0,0
ND,ce.0s,-68.45320124514471,46.381871559833755,100.00000000001907,0,0,0
ND,cf.0s,-68.32900391348848,46.35603643729125,99.99999999998093,0,0,0
ND,cg.0s,-68.20490379170174,46.330090428728816,99.9999999999466,0,0,0
ND,ch.0s,-68.08090118845023,46.30403368441819,99.99999999998093,0,0,0
ND,ci.0s,-67.95699641058644,46.27786635486971,100.00000000001907,0,0,0
ND,cj.0s,-67.8405226788324,46.250566848655986,89.01108826589393,0,0,0
ND,ck.0s,-67.78603883297419,46.19961790663908,0.425480114787996,0,0,0
ND,c2.0r,-69.89198734405534,46.760887609681454,57.75709201437759,0,0,0
ND,c3.0r,-69.79024262394987,46.74557140983224,100.0000000000534,0,0,0
ND,c4.0r,-69.6648448936251,46.720926780180285,100.00000000001907,0,0,0
ND,c5.0r,-69.53954121982103,46.69616950193361,99.99999999998093,0,0,0
ND,c6.0r,-69.41433193194626,46.671299723276654,100.00000000005723,0,0,0
ND,c7.0r,-69.28921735760261,46.64631759268679,100.00000000001907,0,0,0
ND,c8.0r,-69.16419782258326,46.62122325892887,99.99999999998093,0,0,0
ND,c9.0r,-69.03927365087067,46.59601687105067,100.00000000001907,0,0,0
ND,ca.0r,-68.91444516463493,46.57069857837774,100.00000000005723,0,0,0
ND,cb.0r,-68.7897126842322,46.54526853050842,100.00000000001907,0,0,0
ND,cc.0r,-68.66507652820292,46.51972687730887,99.99999999998093,0,0,0
ND,cd.0r,-68.54053701327021,46.49407376890813,100.00000000001907,0,0,0
ND,ce.0r,-68.41609445433849,46.46830935569348,100.0000000000534,0,0,0
ND,cf.0r,-68.29174916449213,46.44243378830504,100.00000000001907,0,0,0
ND,cg.0r,-68.16750145499402,46.41644721763119,99.99999999998093,0,0,0
ND,ch.0r,-68.04335163528435,46.39034979480356,100.00000000001907,0,0,0
ND,ci.0r,-67.91930001297932,46.3641416711922,100.00000000005723,0,0,0
ND,cj.0r,-67.82227393196285,46.33926658374301,57.88163595776558,0,0,0
ND,c2.0q,-69.83922010819194,46.8379217795546,23.895743192020415,0,0,0
ND,c3.0q,-69.75469386697739,46.83246050427565,100.00000000001907,0,0,0
ND,c4.0q,-69.62914382617082,46.80777658700721,99.99999999998093,0,0,0
ND,c5.0q,-69.50368820493937,46.782979894035265,99.9999999999466,0,0,0
ND,c6.0q,-69.37832733358664,46.758070574409544,100.00000000001526,0,0,0
ND,c7.0q,-69.2530615405986,46.73304877747242,99.99999999998474,0,0,0
ND,c8.0q,-69.12789115264162,46.70791465285456,99.99999999994277,0,0,0
ND,c9.0q,-69.00281649456052,46.682668350469505,99.99999999998093,0,0,0
ND,ca.0q,-68.87783788937683,46.657310020508525,100.00000000001907,0,0,0
ND,cb.0q,-68.75295565828732,46.63183981343606,99.99999999998093,0,0,0
ND,cc.0q,-68.62817012066216,46.60625787998424,99.99999999994277,0,0,0
ND,cd.0q,-68.50348159404335,46.58056437114843,99.99999999998093,0,0,0
ND,ce.0q,-68.37889039414335,46.55475943818179,100.00000000001907,0,0,0
ND,cf.0q,-68.25439683484376,46.52884323259059,99.99999999998093,0,0,0
ND,cg.0q,-68.13000122819392,46.50281590612927,99.9999999999466,0,0,0
ND,ch.0q,-68.00570388440961,46.47667761079538,99.99999999998093,2,6,4
ND,ci.0q,-67.88150511187189,46.45042849882464,100.00000000001907,0,0,0
ND,cj.0q,-67.80494621056057,46.4247560585845,26.31978745469284,0,0,0
ND,c2.0p,-69.80021305648071,46.8947508448818,0.716335657162189,0,0,0
ND,c3.0p,-69.71388416652815,46.915708644259695,89.31805871257592,0,0,0
ND,c4.0p,-69.59334833883884,46.89464086912773,100.00000000001907,0,0,0
ND,c5.0p,-69.46774043987598,46.86980457031354,99.99999999998093,0,0,0
ND,c6.0p,-69.34222765655905,46.84485551822108,100.00000000005723,0,0,0
ND,c7.0p,-69.21681031825997,46.819793863064476,100.00000000001907,0,0,0
ND,c8.0p,-69.09148875252022,46.794619755346,99.99999999998093,0,0,0
ND,c9.0p,-68.96626328504873,46.76933334585111,100.00000000001907,0,0,0
ND,ca.0p,-68.84113423972016,46.74393478564338,100.00000000005723,0,0,0
ND,cb.0p,-68.71610193857347,46.71842422605916,100.00000000001907,0,0,0
ND,cc.0p,-68.59116670181011,46.692801818703145,99.99999999998093,0,0,0
ND,cd.0p,-68.46632884779245,46.667067715442805,100.00000000001907,0,0,0
ND,ce.0p,-68.3415886930424,46.641222068403586,100.0000000000534,0,0,0
ND,cf.0p,-68.21694655224009,46.615265029963965,100.00000000001907,0,0,0
ND,cg.0p,-68.09240273822253,46.589196752750446,99.99999999998093,0,0,0
ND,ch.0p,-67.96795756198226,46.56301738963257,100.00000000001907,2,0,0
ND,ci.0p,-67.84842866859576,46.53577352870651,92.99818944751918,0,0,0
ND,cj.0p,-67.79188230966182,46.48907611657483,1.759523647742271,0,0,0
ND,c3.0o,-69.65835035434218,46.996216138767814,55.210849517834426,0,0,0
ND,c4.0o,-69.55745806675715,46.9815199022133,99.99999999998093,0,0,0
ND,c5.0o,-69.4316975588619,46.95664380513846,99.9999999999466,0,0,0
ND,c6.0o,-69.30603253420841,46.93165482777971,100.00000000001526,0,0,0
ND,c7.0o,-69.18046332305664,46.906553121229095,99.99999999998474,0,0,0
ND,c8.0o,-69.0549902538249,46.8813388368671,99.99999999994277,0,0,0
ND,c9.0o,-68.92961365308796,46.85601212635731,99.99999999998093,0,0,0
ND,ca.0o,-68.80433384557536,46.83057314164166,100.00000000001907,0,0,0
ND,cb.0o,-68.67915115416983,46.80502203493506,99.99999999998093,0,0,0
ND,cc.0o,-68.55406589990564,46.77935895872058,99.99999999994277,0,0,0
ND,cd.0o,-68.42907840196696,46.753584065744136,99.99999999998093,0,0,0
ND,ce.0o,-68.3041889776865,46.72769750900976,100.00000000001907,0,0,0
ND,cf.0o,-68.1793979425443,46.70169944177422,99.99999999998093,0,0,0
ND,cg.0o,-68.05470561016622,46.67559001754225,99.9999999999466,0,0,0
ND,ch.0o,-67.93011229232279,46.649369390061594,99.99999999998093,0,0,0
ND,ci.0o,-67.82933075749446,46.62411468735204,63.12332785177231,0,0,0
ND,c3.0n,-69.60587103302548,47.069630986674106,18.618629083732603,0,0,0
ND,c4.0n,-69.52147264322706,47.068413963629695,100,0,0,0
ND,c5.0n,-69.39555919429941,47.04349787456106,99.99999999996186,0,0,0
ND,c6.0n,-69.26974159804917,47.01846877782161,100.00000000003814,0,0,0
ND,c7.0n,-69.14402018562609,46.99332682538755,100,0,0,0
ND,c8.0n,-69.01839528632725,46.9680721695239,99.99999999996186,0,0,0
ND,c9.0n,-68.892867227595,46.942704962778805,100,0,0,0
ND,ca.0n,-68.76743633501539,46.917225357978786,100.00000000003814,0,0,0
ND,cb.0n,-68.64210293231655,46.891633508223634,100,0,0,0
ND,cc.0n,-68.51686734136707,46.86592956688117,99.99999999996186,0,0,0
ND,cd.0n,-68.39172988217439,46.840113687582054,100,0,0,0
ND,ce.0n,-68.26669087288337,46.81418602421497,100.00000000003814,0,0,0
ND,cf.0n,-68.1417506297752,46.788146730921355,100,0,0,0
ND,cg.0n,-68.01690946726589,46.76199596209052,99.99999999996186,0,0,0
ND,ch.0n,-67.89216769790504,46.735733872354395,100,0,0,0
ND,ci.0n,-67.81178823800592,46.71080875458708,31.43129137555313,4,6,2
ND,c3.0m,-69.5665031736292,47.124557415469,0.001256114408284,0,0,0
ND,c4.0m,-69.47625078538847,47.15005545108112,82.0581520136032,0,0,0
ND,c5.0m,-69.35932497675097,47.130367056333874,99.99999999998093,0,0,0
ND,c6.0m,-69.23335447775389,47.10529764477104,100.00000000005723,0,0,0
ND,c7.0m,-69.10748053476222,47.08011525063577,100.00000000001907,0,0,0
ND,c8.0m,-68.98170347795359,47.05482002708379,99.99999999998093,0,0,0
ND,c9.0m,-68.8560236356397,47.02941212755432,100.00000000001907,0,0,0
ND,ca.0m,-68.73044133426471,47.003891705765085,100.00000000005723,0,0,0
ND,cb.0m,-68.60495689840377,46.97825891570674,100.00000000001907,0,0,0
ND,cc.0m,-68.4795706507613,46.95251391163838,99.99999999998093,0,0,0
ND,cd.0m,-68.3542829121694,46.92665684808169,100.00000000001907,0,0,0
ND,ce.0m,-68.22909400158652,46.90068787981645,100.0000000000534,0,0,0
ND,cf.0m,-68.10400423609623,46.87460716187497,100.00000000001907,0,0,0
ND,cg.0m,-67.97901393090586,46.84841484953728,99.99999999998093,0,0,0
ND,ch.0m,-67.85703863517567,46.821394399605126,95.90705025463772,0,0,0
ND,ci.0m,-67.79805727845293,46.778522068439315,3.832204644701004,0,0,0
ND,c4.0l,-69.41953089917916,47.23090067288493,47.69062886783409,0,0,0
ND,c5.0l,-69.32299453492826,47.217251629930225,99.9999999999466,0,0,0
ND,c6.0l,-69.1968708011425,47.192141706759784,100.00000000001526,0,0,0
ND,c7.0l,-69.07084399740444,47.166918673763625,99.99999999998474,0,0,0
ND,c8.0l,-68.94491471007738,47.14158247460561,99.99944320094954,0,0,0
ND,c9.0l,-68.8190825024339,47.11613389479014,99.99999999998093,0,0,0
ND,ca.0l,-68.69334846768818,47.090572457764644,100.00000000001907,0,0,0
ND,cb.0l,-68.56771267596056,47.06489852880676,99.99999999998093,0,0,0
ND,cc.0l,-68.44217545079272,47.03911226307283,99.99999999994277,0,0,0
ND,cd.0l,-68.31673711384286,47.01321381598222,99.99999999998093,0,0,0
ND,ce.0l,-68.19139798488436,46.987203343211974,100.00000000001907,0,0,0
ND,cf.0l,-68.06615838180447,46.961081000691806,99.99999999998093,0,0,0
ND,cg.0l,-67.94101862060302,46.93484694459875,99.9999999999466,0,0,0
ND,ch.0l,-67.83666172507905,46.90920221238455,68.04721842307472,0,0,0
ND,c4.0k,-69.36971472496937,47.302774303460836,14.435300019382478,0,0,0
ND,c5.0k,-69.28653153092314,47.30410868349755,99.9197766615008,0,0,0
ND,c6.0k,-69.16029019417086,47.279001243647414,100.00000000005723,0,0,0
ND,c7.0k,-69.05668022957725,47.244935683681206,56.97658821256876,0,0,0
ND,c8.0k,-68.93731942696967,47.19837588097886,18.587664128287194,0,0,0
ND,c9.0k,-68.77416937061,47.189896272979766,67.92095178447485,0,0,0
ND,ca.0k,-68.65615735777996,47.177267888415486,100.00000000005723,0,0,0
ND,cb.0k,-68.53036988664367,47.151552620606054,100.00000000001907,0,0,0
ND,cc.0k,-68.40468136229198,47.125724892911805,99.99999999998093,0,0,0
ND,cd.0k,-68.27909210721059,47.0997848616559,100.00000000001907,0,0,0
ND,ce.0k,-68.15360244198904,47.07373268341922,100.0000000000534,0,0,0
ND,cf.0k,-68.02821268531956,47.047568515035074,100.00000000001907,0,0,0
ND,cg.0k,-67.90292315399563,47.0212925135841,99.99999999998093,0,0,0
ND,ch.0k,-67.81889886577198,46.99673200941056,36.35518194686508,0,0,0
ND,c5.0j,-69.24039091029496,47.386158902932124,81.90855589958215,0,0,0
ND,c6.0j,-69.12361228091955,47.36587653704189,100.00000000001526,0,0,0
ND,c7.0j,-69.05422276721113,47.34106396035512,14.275287348350524,0,0,0
ND,c9.0j,-68.70446984940155,47.23808498696399,0.795777893371582,0,0,0
ND,ca.0j,-68.6015156476155,47.24286731889095,40.42579462843397,0,0,0
ND,cb.0j,-68.49262753515603,47.2378495401553,99.28116435532198,0,0,0
ND,cc.0j,-68.36708800420493,47.212352074548505,99.99999999994277,0,0,0
ND,cd.0j,-68.24134751040216,47.18637025712719,99.99999999998093,0,0,0
ND,ce.0j,-68.1157069902252,47.160276171094225,100.00000000001907,0,0,0
ND,cf.0j,-67.99254268270894,47.133123679589616,96.51198428061333,0,0,0
ND,cg.0j,-67.88454988789798,47.08901520908451,46.42820760545875,0,0,0
ND,ch.0j,-67.80649537418924,47.05959500030033,4.259646666970298,0,0,0
ND,c5.0i,-69.20049481972738,47.44130044027598,17.201765962674617,0,0,0
ND,c6.0i,-69.10235342196268,47.41949230615655,22.4118115185982,0,0,0
ND,c7.0i,-69.03796618871196,47.39937217367074,0.353667898049355,0,0,0
ND,cb.0i,-68.45249542590713,47.28415435824224,10.150197922695458,0,0,0
ND,cc.0i,-68.32711228453593,47.298309064535005,96.03619529980767,0,0,0
ND,cd.0i,-68.20469938464011,47.272476765216624,98.30605061602444,0,0,0
ND,ce.0i,-68.09038661637473,47.23523948582714,67.35264894414105,0,0,0
ND,cf.0i,-67.9914535371078,47.19631013405453,19.66172122960782,0,0,0
ND,cc.0h,-68.28397974364256,47.34804327309929,17.26327342142403,0,0,0
ND,cd.0h,-68.20704940392356,47.32957772380049,11.375490522520959,0,0,0
